pulsd_title,pulsd_price,pulsd_url,google_rating,google_total_ratings,restaurant_name,pulsd_address,google_review_summary
$99 Pizza Making Class For 2 w Cocktails/Wine,99,pulsd.com/new-york/promotions/saucey-pizza-making-classes-restaurants-nyc,5,251,Saucey Pizza Bar,"36-21 Review Avenue, Long Island City, NY 11101","People say this pizza restaurant offers delicious pizzas, garlic bread, and drinks. They highlight the fresh ingredients, authentic flavors, and fun pizza-making classes. They also like the friendly staff, welcoming atmosphere, and great service."
"$69 3 Course Dinner For 2 & Cocktails, Wines",69,pulsd.com/new-york/promotions/blackbird-dinner-restaurant-nyc,5,15,Blackbird,"428 S 5th Street, Brooklyn, NY 11211","People say this restaurant offers delicious and satisfying vegan options, as well as a unique Edamame Burger. They highlight the chic and chill atmosphere, and the attentive and friendly service. They also like the knowledgeable staff."
"$49 Bottomless Brunch For Two, Williamsburg",49,pulsd.com/new-york/promotions/blackbird-bottomless-brunch-restaurant-nyc,5,15,Blackbird,"428 S 5th Street, Brooklyn, NY 11211","People say this restaurant offers delicious and satisfying vegan options, as well as a unique Edamame Burger. They highlight the chic and chill atmosphere, and the attentive and friendly service. They also like the knowledgeable staff."
$25 Tickets: The 2026 Brooklyn Wine Festival,25,pulsd.com/new-york/promotions/the-2026-brooklyn-wine-festival-nyc,5,3,Industry City - Building 5,"33 35th Street, Brooklyn, NY 11232",
Atmosphere with Aesop,,pulsd.com/pulses/61319,4.9,34,Aesop Rockefeller Center,"610 Fifth Avenue, , Suite 7 New York, NY",People say this beauty supply store offers a free book event featuring Queer authors. They highlight the staff provides helpful advice. They also like the friendly and knowledgeable service.
$249 9 Course Chef's Table Experience For Two,249,pulsd.com/new-york/promotions/6-restaurant-nyc-chefs-table-dinner,4.9,86,6 Restaurant,"481 Court Street, Brooklyn, NY 11231","People say this restaurant serves delicious dishes, including gnocchi, picaña, and a chicory salad, and offers a tasting menu. They highlight the reasonable prices and the cozy, modern Parisian bistro atmosphere. They also like the friendly and attentive service."
"$69 2 Course Dinner For 2 & Cocktails, Wines",69,pulsd.com/new-york/promotions/by-and-by-dinner-restaurant-nyc,4.9,49,By & By,"644 10th Avenue, New York, NY 10036","People say this bar offers substantial and flavorful small plates, as well as well-curated cocktails and wine. They highlight the delicious lamb sliders, curry spring rolls, and Korean beef skewers, and the unique and flavorful cocktails and mocktails. They also like the friendly and attentive service."
"$49 90Min Bottomless Brunch For Two, Chelsea",49,pulsd.com/new-york/promotions/tara-mor-bottomless-brunch-restaurant-nyc,4.9,421,Tara Mór,"150 West 30th Street, New York, NY 10001","People say this bar offers delicious Guinness, Irish breakfast, and creative cocktails. They highlight the fun, lively atmosphere, and the reasonable prices. They also like the friendly and attentive staff."
$49 AYCE Dumplings & Noodles For 2 +Cocktails,49,pulsd.com/new-york/promotions/the-lotus-room-dinner-restaurant-nyc,4.9,40,The Lotus Room,"114 West 47th Street, New York, NY 10036",
"$39 Dinner For Two & Cocktails, Wines, Beers",39,pulsd.com/new-york/promotions/burgers-beer-dinner-restaurant-nyc,4.9,296,Burgers and Beer,"170 West 4th Street , New York, NY 10014","People say this hamburger restaurant serves delicious burgers, including the specialty French onion soup burger, and offers a solid beer selection. They highlight the moderate prices, fun and cozy atmosphere, and the attentive and friendly staff. They also like the complimentary onion rings and fries."
"$39 Dinner For Two & Cocktails, Wines, Beers",39,pulsd.com/new-york/promotions/wok-in-duane-dinner-restaurant-nyc,4.9,89,Wok In Duane,"181 Duane Street, New York, NY 10013","People say this Asian restaurant serves fresh, flavorful dishes, including Hot and Sour Soup, String Beans, Chicken Fried Rice, and Mongolian Beef. They highlight the generous portions, reasonable prices, and relaxing atmosphere. They also like the friendly and accommodating service."
50% Off Tickets To Drunk Shakespeare,,pulsd.com/new-york/promotions/drunk-shakespeare-tickets-nyc,4.8,180,The Ruby Theatre,"35 West 39th Street, New York, NY, 10018",
"$99 4 Crs Bottomless Brunch For Two, Midtown",99,pulsd.com/new-york/promotions/patiala-indian-grill-and-bar-bottomless-brunch-restaurant-nyc,4.8,3969,Patiala Indian Grill & Bar,"240 W 35th Street, New York, NY 10001","Diners say this Indian restaurant serves up delicious chicken tikka masala, biryani, and garlic naan. They also highlight the friendly and attentive service, and the elegant and inviting atmosphere."
$85 4 Course Dinner for 2 & Wines/Beers,85,pulsd.com/new-york/promotions/cka-ka-qellue-dinner-restaurant-nyc,4.8,1642,Cka Ka Qellue,"118 E 31st Street, New York, NY 10016","People say this Mediterranean restaurant serves delicious Albanian food, including qebapa, qofte, and a mixed grill platter, as well as fresh bread and dips like ajvar and taratore. They highlight the authentic flavors, cozy atmosphere, and attentive service. They also like the historical decor and the option to try traditional Albanian dishes like tave kosi and fli."
"$79 3Crs Sushi Dinner For 2 & Cocktails, Wine",79,pulsd.com/new-york/promotions/sushi-saint-dinner-restaurant-nyc,4.8,75,Sushi Saint,"11-01 43rd Avenue, Long Island City, NY 11101","People say this sushi restaurant serves delicious and creative hand rolls, with the salmon, hamachi, and crab being particularly popular. They highlight the generous portions, fresh ingredients, and subtle flavors that evoke memories. They also like the attentive service and intimate dining experience."
$79 3 Course Dinner For 2 w Sangria Pitcher,79,pulsd.com/new-york/promotions/jose-luis-nyc-dinner-restaurant,4.8,684,Jose Luis Mediterranean Cuisine,"186 Avenue B, New York, NY 10009","People say this Mediterranean restaurant serves delicious paella, tapas, and grilled octopus. They highlight the great happy hour deals, strong drinks, and lively patio. They also like the friendly and welcoming service."
$65 3Crs Dinner For Two Cocktails/Wine/Beer,65,pulsd.com/new-york/promotions/norimen-dinner-restaurant-nyc,4.8,54,Norimen,"24 Elizabeth Street, New York, NY 10013","People say this Korean restaurant serves delicious tteok-galbi, donkatsu, and Korean fried chicken, along with fresh and healthy side dishes. They highlight the generous portions, reasonable prices, and the authentic, intimate, and modern atmosphere. They also like the friendly, attentive, and professional service."
$59 2 Course Hot Pot Dinner For 2 + Cocktails,59,pulsd.com/new-york/promotions/mala-hot-pot-dinner-restaurant-nyc,4.8,496,Mala Hot Pot,"35 W 36th Street, New York, NY 10018","People say this hot pot restaurant offers fresh ingredients, a variety of meats, and flavorful broths, including a spicy mala broth. They highlight the reasonable prices and clean, modern atmosphere. They also like the attentive and helpful service."
"$59 3Crs Dinner For 2 w Wine Bottle,Cocktails",59,pulsd.com/new-york/promotions/chez-messy-dinner-restaurant-nyc,4.8,240,Chez Messy,"5 Edward M Morgan Place, New York, NY 10032","People say this cocktail bar offers delicious tapas, fresh cocktails, and a standout bone marrow dish. They highlight the cozy, intimate vibe, and the excellent live music. They also like the attentive and friendly service."
"$49 10-Cocktail Brunch For Two, West Village",49,pulsd.com/new-york/promotions/ferdi-brunch-restaurant-nyc,4.8,341,Ferdi,"15 7th Avenue South, New York, NY 10014","People say this Italian restaurant serves delicious veal, pasta, and seafood dishes, as well as tasty desserts and cocktails. They highlight the reasonable prices, especially the prix fixe menu, and the cozy, romantic atmosphere. They also like the friendly and welcoming staff, and the attentive service."
$49: 3 Course Dinner For Two & Wine Bottle,49,pulsd.com/new-york/promotions/barkada-social-club-dinner-restaurant-nyc,4.8,75,Barkada Social Club,"33-05 Broadway, Astoria, NY 11106","People say this restaurant serves delicious Filipino fusion cuisine, including dynamite, kare kare, and flan. They highlight the great drinks, fun karaoke, and lively atmosphere. They also like the attentive and friendly service."
$49 SoHo Cocktail Brunch For Two,49,pulsd.com/new-york/promotions/lindens-arlo-soho-cocktail-brunch-nyc,4.8,866,Lindens,"2 Renwick Street, New York, NY 10013","People say this restaurant offers delicious dishes such as branzino, half chicken, and butternut squash ravioli. They highlight the fresh ingredients, flavorful combinations, and generous portions. They also like the attentive and friendly service, and the fun and lively atmosphere."
$49 Cocktail Brunch For Two In Murray Hill,49,pulsd.com/new-york/promotions/leslie-cocktail-brunch-restaurant-nyc,4.8,25,Leslie,"514 3rd Ave, New York, NY 10016","People say this restaurant serves delicious, elevated comfort food, including deviled eggs, smash burgers, and chicken piccata. They highlight the cozy and blissful atmosphere, and the elegant presentation of the dishes. They also like the friendly and attentive service."
$49 For A 2 Course Bottomless Brunch For Two,49,pulsd.com/new-york/promotions/chez-messy-bottomless-brunch-restaurant-nyc,4.8,240,Chez Messy,"5 Edward M Morgan Place, New York, NY 10032","People say this cocktail bar offers delicious tapas, fresh cocktails, and a standout bone marrow dish. They highlight the cozy, intimate vibe, and the excellent live music. They also like the attentive and friendly service."
"$49: 3 Course Dinner For Two w Wines, Beers",49,pulsd.com/new-york/promotions/tipsy-shanghai-east-village-dinner-restaurant-nyc,4.8,888,Tipsy Shanghai,"104 2nd Avenue, New York, NY 10003","People say this Chinese restaurant serves delicious and authentic Shanghainese food, including soup dumplings, pan-fried pork buns, and Wuxi pork ribs. They highlight the reasonable prices, cozy and vibey atmosphere, and quick service. They also like the friendly and attentive staff."
"$49 90 Min Bottomless Brunch for Two, Astoria",49,pulsd.com/new-york/promotions/porta-23-bottomless-brunch-restaurant-nyc,4.8,154,Porta 23,"29-17 23rd Avenue, Queens, NY 11105","People say this restaurant serves delicious smash burgers, chicken pilaf, and yucca fritters. They highlight the great cocktails, especially the caipirinha, and the tasty flan. They also like the attentive service and friendly staff."
$39: 90 Minute Bottomless Brunch For Two,39,pulsd.com/new-york/promotions/barkada-social-club-bottomless-brunch-restaurant-nyc,4.8,75,Barkada Social Club,"33-05 Broadway, Astoria, NY 11106","People say this restaurant serves delicious Filipino fusion cuisine, including dynamite, kare kare, and flan. They highlight the great drinks, fun karaoke, and lively atmosphere. They also like the attentive and friendly service."
"$39 Cocktail Brunch For Two, East Village",39,pulsd.com/new-york/promotions/house-of-pasta-cocktail-brunch-restaurant-nyc,4.8,329,House of Pasta,"511 E 12th Street, New York, NY 10009","Diners say this Italian restaurant serves up delicious mushroom lasagna, rigatoni bolognese, and fresh pasta, and they praise the cozy and inviting atmosphere. They also highlight the friendly and attentive service, and many appreciate the reasonable prices."
$29 For A 3 Course Dinner Or Brunch For Two,29,pulsd.com/new-york/promotions/hi-sunny-dinner-restaurant-nyc,4.8,442,Hi Sunny,"342 7th Avenue, New York, NY 10001","People say this dim sum restaurant offers a variety of delicious dishes, including soup dumplings, noodles, and sandwiches. They highlight the affordable prices and cozy, cute atmosphere. They also like the friendly and attentive service."
$19 Top Shelf Distillery Tour & Tasting,19,pulsd.com/new-york/promotions/kings-county-distillery-top-shelf-whiskey-tasting-tour-nyc,4.8,378,Kings County Distillery,"299 Sands Street, Brooklyn, NY 11205",
20Crs Omakase w 2Hrs Bottomless Sake For Two,,pulsd.com/new-york/promotions/kiwami-omakase-dinner-restaurant-nyc,4.7,85,Kiwami,"141 Bridge Park Drive, Brooklyn, NY 11201","People say this Japanese restaurant offers delicious omakase and fresh, high-quality sushi. They highlight the beautiful interior, authentic atmosphere, and attentive service. They also like the ocean view and the chef's passion."
"$129 Champagne Afternoon Tea For Two, Tribeca",129,pulsd.com/new-york/promotions/warren-street-hotel-nyc-afternoon-tea,4.7,59,Warren Street Hotel,"86 Warren Street, New York, NY 10007","People say this hotel offers gorgeous rooms with exquisite decor and attention to detail. They highlight the luxurious and inviting atmosphere, and the quiet comfort of the rooms. They also like the helpful and attentive staff."
"$99 3 Course Dinner For 2 & Cocktails, Wines",99,pulsd.com/new-york/promotions/nar-restaurant-dinner-nyc,4.7,587,Nar Restaurant,"34 E 20th Street, New York, NY 10003","People say this Turkish restaurant serves delicious and authentic dishes, including kebabs, manti, and mezze. They highlight the romantic and elegant atmosphere, and the attentive and friendly service. They also like the stylish presentation of the food and the excellent cocktails."
$89 2 Course Dinner For 2 w Cocktails & Shots,89,pulsd.com/new-york/promotions/wonderland-dinner-restaurant-nyc,4.7,331,Wonderland,"96 2nd Avenue, New York, NY 10003","People say this Asian fusion restaurant offers creative drinks with exciting presentations, and delicious truffle fries and chicken sliders. They highlight the magical and whimsical atmosphere, and the fun, unique experience with a magic show. They also like the friendly and attentive staff."
$69 3 Crs Dinner For 2 & Wine/Cocktails,69,pulsd.com/new-york/promotions/amor-loco-dinner-nyc,4.7,3673,Amor Loco,"134 W 46th Street, New York, NY 10036","People say this Mexican restaurant serves delicious octopus tacos, birria tacos, and surf and turf burritos. They highlight the fun, lively atmosphere, and the great cocktails, especially the margaritas and palomas. They also like the attentive and friendly staff."
$69: 3 Crs Dinner + Cocktails + Comedy Show,69,pulsd.com/new-york/promotions/ways-and-means-dinner-restaurant-comedy-show-nyc--2,4.7,86,Ways & Means,"167 Bleecker Street, New York, NY, 10012","People say this restaurant offers a great bottomless brunch with a variety of options, as well as good margaritas and mimosas. They highlight the affordable prices and generous portions. They also like the chill vibe and friendly staff."
"$59 3Crs Dinner For 2 & Cocktails, Wines",59,pulsd.com/new-york/promotions/good-thanks-dinner-restaurant-nyc,4.7,318,Good Thanks,"374 Graham Avenue, Brooklyn, NY 11211","People say this Australian restaurant serves delicious avocado toast, banana bread, and shrimp burgers. They highlight the generous portions, great happy hour deals, and cozy, welcoming atmosphere. They also like the friendly and attentive service."
$59 Fiesta Bottomless Brunch For Two,59,pulsd.com/new-york/promotions/amor-loco-bottomless-bunch-nyc,4.7,3673,Amor Loco,"134 W 46th Street, New York, NY 10036","People say this Mexican restaurant serves delicious octopus tacos, birria tacos, and surf and turf burritos. They highlight the fun, lively atmosphere, and the great cocktails, especially the margaritas and palomas. They also like the attentive and friendly staff."
$59: 90 Minute Bottomless Brunch For Two,59,pulsd.com/new-york/promotions/charm-restaurant-bottomless-brunch-nyc,4.7,3453,Charm Restaurant,"448 Dean Street, Brooklyn, NY 11217","People say this Caribbean restaurant serves delicious guava wings, jerk lamb, and Rasta pasta. They highlight the fun, energetic vibe, and the attentive, helpful staff. They also like the creative cocktails and the playlist."
$59 NY Times-Praised Cocktail Brunch For Two,59,pulsd.com/new-york/promotions/nar-restaurant-cocktail-brunch-nyc,4.7,587,Nar Restaurant,"34 E 20th Street, New York, NY 10003","People say this Turkish restaurant offers delicious manti, grilled octopus, and a variety of kebabs, as well as homemade baklava ice cream and other desserts. They highlight the generous portions, authentic flavors, and the cozy, inviting atmosphere. They also like the friendly and attentive service."
$49 Distillery Jazz & Cocktail Brunch For Two,49,pulsd.com/new-york/promotions/great-jones-distilling-co-jazz-cocktail-brunch-nyc,4.7,667,Great Jones Distilling Co.,"686 Broadway, New York, NY 10012",
$49 French-Style Cocktail Brunch For Two,49,pulsd.com/new-york/promotions/les-vagabonds-cocktail-brunch-nyc,4.7,86,Les Vagabonds,"1070 1st Avenue, New York, NY 10022","People say this French restaurant serves excellent duck, steak, and escargot. They highlight the cozy and romantic atmosphere, and the attentive service. They also like that it's BYOB."
"$49 Dinner For Two & Wine Bottle, Flatiron",49,pulsd.com/new-york/promotions/john-devoys-dinner-restaurant-nyc,4.7,129,John Devoy's,"377 Park Avenue South, New York, NY 10016","People say this bar offers delicious oysters, brunch options, and cocktails. They highlight the great value, especially the $1 oyster special and happy hour deals, and the lively, fun atmosphere. They also like the friendly and attentive staff."
$49 For A 2 Hour Bottomless Brunch for Two,49,pulsd.com/new-york/promotions/sultan-mediterranean-cuisine-bottomless-brunch-restaurant-nyc,4.7,667,Sultan Mediterranean Cuisine,"791 Lexington Avenue, New York NY 10065","People say this Mediterranean restaurant serves delicious Turkish food, including kebabs, gyro, and kunefe. They highlight the fresh and flavorful dips, such as babaganoush and tzatziki, and the warm, fluffy bread. They also like the attentive and friendly service, and the cozy and inviting atmosphere."
$49 Upper East Side Bottomless Brunch For Two,49,pulsd.com/new-york/promotions/costa-bottomless-brunch-restaurant-nyc,4.7,43,Costa,"1300 Madison Avenue, New York, NY 10173","People say this Mediterranean restaurant serves delicious chickpea soup, dips, pistachio-crusted salmon, grilled shrimp fra diavola, and Mediterranean Bronzino. They highlight the cozy and warm atmosphere, and the friendly and attentive staff. They also like the quick service."
$49 Greenwich Village Bottomless Brunch For 2,49,pulsd.com/new-york/promotions/ways-and-means-bottomless-restaurant-greenwich-village-nyc,4.7,86,Ways & Means,"167 Bleecker Street, New York, NY, 10012","People say this restaurant offers a great bottomless brunch with a variety of options, as well as good margaritas and mimosas. They highlight the affordable prices and generous portions. They also like the chill vibe and friendly staff."
"$49 AYCE & Bottomless Dinner For Two, Chelsea",49,pulsd.com/new-york/promotions/yasubee-authentic-ramen-ayce-dinner-restaurant-nyc,4.7,151,Yasubee Authentic Ramen,"253 W 26th Street, New York, NY 10001","People say this ramen restaurant serves delicious ramen, including spicy miso and shoyu, as well as pork katsu don, karaage, and gyoza. They highlight the fresh ingredients, generous portions, and affordable prices, and like the comfortable and welcoming atmosphere. They also mention the staff are friendly, attentive, and accommodating."
"$39 90min Bottomless Brunch For Two, Flatiron",39,pulsd.com/new-york/promotions/john-devoys-bottomless-brunch-restaurant-nyc,4.7,129,John Devoy's,"377 Park Avenue South, New York, NY 10016","People say this bar offers delicious oysters, brunch options, and cocktails. They highlight the great value, especially the $1 oyster special and happy hour deals, and the lively, fun atmosphere. They also like the friendly and attentive staff."
$39 For A Dinner For Two & A Bottle Of Wine,39,pulsd.com/new-york/promotions/tara-rose-nyc-dinner-restaurant,4.7,1101,Tara Rose,"384 3rd Avenue, New York, NY 10016","People say this cocktail bar offers fantastic food and drinks, including a variety of cocktails, a spice bag, and a sausage roll. They highlight the great happy hour deals, fun vibe, and the friendly and attentive staff. They also like the spacious layout, perfect for events and parties."
$39: 2 Course Dinner Or Brunch For Two w Sake,39,pulsd.com/new-york/promotions/kamisama-ramen-dinner-restaurant-east-village-nyc,4.7,312,Kamisama Ramen,"230 E 14th Street, New York, NY 10003","People say this ramen restaurant serves delicious Jiro ramen, spicy ramen, and tonkotsu ramen, with flavorful broth, chewy noodles, and tender chashu pork. They highlight the generous portions, reasonable prices, and cozy atmosphere. They also like the friendly and attentive service."
"$39 3 Course Dinner For Two & Drinks, Chelsea",39,pulsd.com/new-york/promotions/yasubee-authentic-ramen-dinner-restaurant-nyc,4.7,151,Yasubee Authentic Ramen,"253 W 26th Street, New York, NY 10001","People say this ramen restaurant serves delicious ramen, including spicy miso and shoyu, as well as pork katsu don, karaage, and gyoza. They highlight the fresh ingredients, generous portions, and affordable prices, and like the comfortable and welcoming atmosphere. They also mention the staff are friendly, attentive, and accommodating."
$29 Dinner For Two With Wines & Beers,29,pulsd.com/new-york/promotions/moustache-dinner-nyc,4.7,788,Moustache,"29 7th Avenue South, New York, NY 10014","People say this restaurant serves delicious Lebanese food, including babaganoush, falafel, kebabs, and pitza. They highlight the fresh pita bread, flavorful dips like muhammara and labneh, and the cozy, welcoming atmosphere. They also like the friendly and attentive service."
43% Off Chocolate Bar Making Classes,,pulsd.com/new-york/promotions/raaka-chocolate-bar-making-classes-nyc,4.6,187,Raaka Chocolate,"64 Seabring Street, Brooklyn, NY 11231","People say this chocolate shop offers unique and delicious chocolate, and a variety of interesting and fun classes. They highlight the educational and engaging bean-to-bar chocolate making class, and the helpful staff. They also like the fair trade, single-origin chocolate with no fillers or garbage ingredients."
43% Off Hand-Rolled Truffle Making Classes,,pulsd.com/new-york/promotions/raaka-chocolate-truffle-making-classes-nyc,4.6,187,Raaka Chocolate,"64 Seabring Street, Brooklyn, NY 11231","People say this chocolate shop offers unique and delicious chocolate, and a variety of interesting and fun classes. They highlight the educational and engaging bean-to-bar chocolate making class, and the helpful staff. They also like the fair trade, single-origin chocolate with no fillers or garbage ingredients."
College Football Playoff Party,,pulsd.com/pulses/61313,4.6,1273,SPiN Flatiron,"48 East 23rd Street, New York, NY","People say this restaurant offers delicious steak, appetizers, and cookies, and is a great place for a fun gathering with drinks, food, and music. They highlight the spacious layout, the availability of ping pong and other games, and the reasonable prices. They also like the friendly and accommodating staff."
Murray’s National Cheese Lover's Event,,pulsd.com/pulses/61316,4.6,1419,Murray's Cheese,"254 Bleecker Street, New York, NY 10014","People say this cheese shop offers a diverse, fresh, and delicious selection of cheeses and accompaniments. They highlight the fair prices and the fun, relaxed vibe, especially during events like cheese-making classes. They also like the knowledgeable and helpful staff."
$149 16Crs Omakase Dinner For Two w Wine/Beer,149,pulsd.com/new-york/promotions/sushi-masu-omakase-dinner-restaurant-nyc,4.6,129,Sushi Masu,"286 Columbus Avenue, New York, NY 10023","People say this sushi restaurant offers a delicious omakase with fresh, high-quality fish and unique flavors. They highlight the reasonable price for the number of courses and the authentic, unpretentious atmosphere. They also like the attentive and welcoming service."
$89 3 Crs Omakase Dinner For 2 + Wines,89,pulsd.com/new-york/promotions/zutto-nolita-omakase-dinner-restaurant-nyc,4.6,807,Zutto Nolita,"384 Broome Street, New York, NY 10013","People say this Japanese restaurant serves delicious tonkatsu ramen, fresh sushi, and flavorful appetizers like karaage and pork belly buns. They highlight the cozy and vibrant atmosphere, and the fast service. They also like the friendly and attentive staff."
$89 Omakase Sushi Dinner For 2 w Sake Carafe,89,pulsd.com/new-york/promotions/suteishi-dinner-restaurant-nyc,4.6,706,SUteiShi,"24 Peck Slip, New York, NY 10038","People say this Japanese restaurant offers fresh and tasty sushi and sashimi, with plenty of yellowtail during restaurant week. They highlight the omakase and sashimi are prepared well, and the outdoor eating experience is lovely. They also like the friendly service and warm, quiet atmosphere."
"$69 3Crs Dinner For 2 & Cocktails, Wine, Beer",69,pulsd.com/new-york/promotions/javitri-dinner-restaurant-nyc,4.6,244,Javitri,"132 East 61st Street , New York, NY 10065","People say this Indian restaurant serves delicious butter chicken, chicken biryani, and jackfruit biryani. They highlight the authentic flavors, generous portions, and reasonable prices. They also like the cozy and elegant atmosphere, and the friendly and attentive staff."
$65 3Crs Dinner For 2 & Cocktails/Wines,65,pulsd.com/new-york/promotions/public-house-at-merrion-row-hotel-dinner-restaurant-nyc,4.6,266,Public House At Merrion Row Hotel,"119 W 45th Street, New York, NY 10036","People say this hotel offers clean and comfortable rooms, and a delicious breakfast. They highlight the convenient location near Times Square, and the friendly and helpful staff. They also like the quiet and sheltered atmosphere, despite the bustling location."
$59 3 Crs Dinner For 2 & Cocktails/Beers,59,pulsd.com/new-york/promotions/mayahuel-dinner-restaurant-nyc,4.6,538,Mayahuel,"3207 34th Avenue, Queens, NY 11106","People say this Mexican restaurant serves delicious tacos, carne asada, and tres leches cake. They highlight the fresh guacamole, flavorful dishes, and authentic taste. They also like the cozy and welcoming atmosphere, and the friendly and attentive staff."
"$59 90 Minute Bottomless Brunch For 2, Nolita",59,pulsd.com/new-york/promotions/balzem-nolita-bottomless-brunch-restaurant-nyc,4.6,1345,Balzem,"202 Mott Street, New York, NY 10012","People say this Mediterranean restaurant serves delicious grilled skewers, ceviche, and manti dumplings. They highlight the fun, lively atmosphere and the reasonable prices. They also like the attentive and friendly service."
"$59: 3 Crs Dinner For 2 with Wines, W Village",59,pulsd.com/new-york/promotions/oscars-place-dinner-restaurant-nyc,4.6,357,Oscar's Place,"466 Hudson Street , New York, NY 10014","People say this British restaurant serves delicious English breakfast, burgers, fish and chips, and beef stew. They highlight the cozy and chill atmosphere, and the attentive and efficient service. They also like the reasonable prices and generous portions."
"$59 3Hr Open Bar & Buffet Food Party, Chelsea",59,pulsd.com/new-york/promotions/dickson-s-farmstand-offally-good-food-chelsea-market-nyc,4.6,51134,Chelsea Market,"75 9th Avenue, New York, NY","People say this market offers a wide variety of food options, including lobster rolls, tacos, sushi, and gelato, as well as shops selling clothing, gifts, and souvenirs. They highlight the lively and vibrant atmosphere, and the unique, industrial-chic vibe. They also like the friendly and helpful staff."
$49 Dinner For 2 & Wine Bottle/Cocktails,49,pulsd.com/new-york/promotions/boss-tweeds-dinner-restaurant-tribeca-nyc,4.6,90,Boss Tweeds,"41 Murray Street, New York, NY 10007","People say this cocktail bar offers delicious sandwiches, filet mignon, and short ribs. They highlight the generous portions, the quality of the food, and the interesting cocktail menu. They also like the classy atmosphere and attentive service."
$49 Ice Cream Cocktail Mixology Classes,49,pulsd.com/new-york/promotions/tipsy-scoop-ice-cream-mixology-classes-nyc,4.6,362,Tipsy Scoop Brooklyn,"270 Metropolitan Avenue, Brooklyn, NY, 11211","Ice people say this ice cream shop serves up delicious boozy ice cream flights with flavors like Boozy Breakfast, Whiskey Dreams, and Mango Margarita Sorbet. They also highlight the friendly and helpful staff who offer samples and explain the origins of the business."
"$49 90Min Bottomless Brunch For Two, Astoria",49,pulsd.com/new-york/promotions/tootles-and-french-bottomless-brunch-restaurant-nyc,4.6,329,Tootles & French,"3615 Ditmars Boulevard , Astoria, NY 11105","People say this restaurant offers delicious dishes like roast chicken, chopped cheese sandwiches, and a charcuterie board, as well as a diverse wine selection and creative cocktails. They highlight the friendly staff, the cozy and inviting atmosphere, and the fun events like live music and wine tastings. They also like the attentive and gracious service."
$49 3 Hour Open Bar + Buffet Super Bowl Party,49,pulsd.com/new-york/promotions/spin-midtown-super-bowl-2026-open-bar-buffet-party-nyc,4.6,124,SPiN Midtown,"1626 Broadway, New York, NY 10019","People say this sports bar offers a fun experience with ping pong, giant Jenga, and other games, as well as a full-service bar and a variety of food options. They highlight the spacious layout, comfortable seating, and the lively, welcoming atmosphere. They also like the friendly and attentive staff."
$49 3 Hour Open Bar + Buffet Super Bowl Party,49,pulsd.com/new-york/promotions/spin-flatiron-open-bar-buffet-super-bowl-lx-party-nyc,4.6,1273,SPiN Flatiron,"48 East 23rd Street, New York, NY","People say this restaurant offers delicious steak, appetizers, and cookies, and is a great place for a fun gathering with drinks, food, and music. They highlight the spacious layout, the availability of ping pong and other games, and the reasonable prices. They also like the friendly and accommodating staff."
"$48 Afternoon High Tea For Two, Tribeca",48,pulsd.com/new-york/promotions/cafe-atelier-afternoon-high-tea-tribeca-nyc,4.6,230,Cafe Atelier,"112 Hudson Street, New York, NY 10013","People say this coffee shop offers delicious coffee, matcha lattes, and croissants. They highlight the charming floral ambiance and the unique, creative drink menu. They also like the friendly staff."
"$39 Boozy Brunch For 2, West Village",39,pulsd.com/new-york/promotions/oscars-place-cocktail-brunch-restaurant-nyc,4.6,357,Oscar's Place,"466 Hudson Street , New York, NY 10014","People say this British restaurant serves delicious English breakfast, burgers, fish and chips, and beef stew. They highlight the cozy and chill atmosphere, and the attentive and efficient service. They also like the reasonable prices and generous portions."
$39 Dinner For Two With Cocktails/Wines,39,pulsd.com/new-york/promotions/the-laurels-dinner-restaurant-gramercy-nyc,4.6,298,The Laurels,"231 2nd Avenue, New York, NY 10003","People say this bar offers a delicious brunch with dishes like biscuits and gravy, and bottomless electrolyte mimosas. They highlight the fun and cozy atmosphere, and the friendly and accommodating staff. They also like the quick service and the availability of discounts and deals."
"$39 Dinner For Two & Wine Bottle, DUMBO",39,pulsd.com/new-york/promotions/em-vietnamese-bistro-dinner-restaurant-nyc,4.6,907,Em Vietnamese Bistro,"57 Front Street, Brooklyn, NY 11201","Diners say this Vietnamese restaurant serves up delicious spring rolls, chicken wings, and beef pho. They also highlight the friendly and attentive staff, and the cozy and inviting atmosphere.

Some reviews mention the service can be indifferent."
$35 Wine Bottle & Cheese Experience For 2,35,pulsd.com/new-york/promotions/cafe-atelier-wine-cheese-experience-nyc,4.6,230,Cafe Atelier,"112 Hudson Street, New York, NY 10013","People say this coffee shop offers delicious coffee, matcha lattes, and croissants. They highlight the charming floral ambiance and the unique, creative drink menu. They also like the friendly staff."
$29 Tix: 2 Hour Cabernet Franc Wine Festival,29,pulsd.com/new-york/promotions/the-cab-franc-forward-new-york-wine-tasting-nyc,4.6,158,Prince George Ballroom,"15 East 27th Street, New York, NY",
"$29 LES Dinner For 2 & Cocktails,Wines,Beers",29,pulsd.com/new-york/promotions/the-mayfly-restaurant-dinner-lower-east-side-nyc,4.6,231,The Mayfly,"269 E Houston Street, New York, NY 10002","People say this bar offers delicious food, including wings, truffle fries, and flatbreads, and a variety of cocktails, including a Last Word. They highlight the fun atmosphere, great deals, especially during happy hour, and the comfortable space. They also like the friendly and accommodating staff."
$29 Boozy Sundae Making Class,29,pulsd.com/new-york/promotions/tipsy-scoop-boozy-ice-cream-sundae-decorating-classes-nyc,4.6,1662,Tipsy Scoop Manhattan,"217 E 26th Street, New York, NY 10010","Ice people say this ice cream shop offers unique flavors like bourbon, whiskey, and Mexican hot chocolate with tequila, alongside more traditional options like cherry cheesecake. They also highlight the friendly and helpful staff, and the massive portions."
$25 2 Course Sushi Experience for Two,25,pulsd.com/new-york/promotions/makimaki-sushi-nyc,4.6,270,MakiMaki,"360 Lexington Avenue, New York, NY 10017","People say this sushi restaurant offers fresh hand rolls, maki, and a lunch special. They highlight the reasonable prices, convenient location, and clean, chic atmosphere. They also like the friendly and helpful staff, and the fast service."
6Crs Fine Dining Dinner Bus Tour Around NYC,,pulsd.com/new-york/promotions/bustronome-fine-dining-bus-tour-nyc,4.5,61,Bustronome,"988 8th Avenue, New York, NY 10019","People say this restaurant offers a unique dining experience with delicious food and stunning views of New York City landmarks. They highlight the memorable and romantic atmosphere, and the attentive and friendly service. They also like the smooth and enjoyable experience from start to finish."
54% Off A 90 Minute Bottomless Brunch For Two,,pulsd.com/new-york/promotions/skinos-mediterranean-bottomless-brunch-nyc,4.5,1526,Skinos Mediterranean,"123 Washington Street, New York, NY 10006","People say this Greek restaurant serves delicious seafood pasta, lamb chops, and duck pasta, as well as appetizers like shrimp and moussaka croquettes. They highlight the vibrant, flowery, and clean atmosphere, perfect for celebrations, and the fun, lively vibe with a live DJ and belly dancer. They also like the attentive, friendly, and generous service, with staff constantly checking in and making guests feel welcome."
$109: 3 Course Dinner + Murder Mystery Show,109,pulsd.com/new-york/promotions/carmines-dinner-restaurant-nyc,4.5,18394,Carmine's,"200 W 44th Street, New York, NY 10036","People say this Italian restaurant serves delicious dishes like chicken parm, lasagna, and penne alla vodka. They highlight the generous, family-style portions, making it ideal for large groups, and the classic, old-school Italian atmosphere. They also like the friendly and attentive service."
"$99 Chic Afternoon Tea for Two, NoMad",99,pulsd.com/new-york/promotions/sahola-cafe-afternoon-tea-nyc,4.5,164,Sahola Cafe,"108 E 31st Street, New York, NY 10016","People say this coffee shop offers delicious lattes, cappuccinos, and pastries, including croissants and apple strudel. They highlight the cozy and charming atmosphere, with unique floral decor and a peaceful patio, perfect for reading, working, or meeting up with friends. They also like the friendly and welcoming staff."
"$85: 3 Course Dinner For 2 & Cocktails, Wines",85,pulsd.com/new-york/promotions/yara-dinner-restaurant-nyc,4.5,790,Yara,"319 E 53rd Street, New York, NY 10022","People say this Mediterranean restaurant serves delicious and authentic Lebanese food, including flavorful filet mignon, mixed grill, and falafel. They highlight the generous portion sizes, fresh ingredients, and the beautiful, modern atmosphere, perfect for large groups and celebrations. They also like the friendly and attentive service."
$79: 3 Course Dinner For Two + Wine Bottle,79,pulsd.com/new-york/promotions/alison-nyc-dinner-restaurant,4.5,526,Alison,"1651 Lexington Avenue, New York, NY 10029","People say this American restaurant serves delicious dishes, including steak, pastries, pizza, and a variety of brunch options. They highlight the good vibes, relaxed atmosphere, and fair prices. They also like the attentive service."
"$79 3 Course Dinner For Two w Cocktails, Wine",79,pulsd.com/new-york/promotions/josephs-restaurant-dinner-nyc,4.5,369,Joseph's Restaurant,"3 Hanover Square, New York, NY 10004","People say this Northern Italian restaurant serves delicious hangar steak, tricolori salad, and chicken martini. They highlight the fresh, flavorful, and perfectly prepared food, and the beautiful, quaint, and cozy atmosphere. They also like the attentive, helpful, and friendly service."
$79 3 Course Dinner For 2 & Wines/Beers,79,pulsd.com/new-york/promotions/farida-dinner-restaurant-nyc,4.5,1937,Farida,"32 Cedar Street, New York City, NY 10005","People say this restaurant serves delicious Uzbek, Kazakh, and Central Asian cuisine, including plov, shashlyk, and manti. They highlight the authentic and flavorful dishes, and the generous portions. They also like the cozy and colorful atmosphere, and the friendly and attentive service."
$75: 3 Course Dinner For Two & Bottle Of Wine,75,pulsd.com/new-york/promotions/best-south-african-restaurant-kaia-nyc,4.5,657,Kaia Restaurant & Wine Bar,"1614 3rd Avenue, New York, NY 10128","People say this wine bar offers a great selection of South African wines and delicious food, including sliders, entrees, and desserts. They highlight the relaxed vibe, perfect for a leisurely drink and/or meal, and the excellent happy hour deals. They also like the friendly and informative service."
$69 3Crs Dinner For 2 & Cocktails/Wines,69,pulsd.com/new-york/promotions/old-fashion-cafe-dinner-restaurant-nyc,4.5,288,Old Fashion Cafe,"110 Thompson Street, New York, NY 10012","People say this Italian restaurant serves delicious omelets, avocado toast, and hamburgers. They highlight the cozy and intimate atmosphere, and the good drinks and music. They also like the attentive and efficient service."
$59 3 Course Dinner for 2 & Carafe of Wine,59,pulsd.com/new-york/promotions/lunella-dinner-nyc,4.5,1989,Lunella,"173 Mulberry Street, New York, NY 10013","Diners say this Italian restaurant serves up delicious and authentic Italian food, including ravioli, spaghetti and meatballs, and fettuccine Alfredo. They also highlight the friendly and attentive service, and the charming and welcoming atmosphere.

Some reviews mention the staff can be impolite."
$59 Michelin-Praised Cocktail Brunch For Two,59,pulsd.com/new-york/promotions/le-fanfare-cocktail-brunch-restaurant-nyc,4.5,654,Le Fanfare,"1103 Manhattan Avenue, Brooklyn, NY 11222","People say this Italian restaurant serves fresh, tasty, and amazing food, including house-made pasta, and offers a variety of dishes. They highlight the generous portions, the delicious bread and spreads, and the attentive and responsive staff. They also like the welcoming and warm atmosphere, and the attentive, caring, and professional service."
$59: 3 Course Dinner For Two & Wine Bottle,59,pulsd.com/new-york/promotions/czen-restaurant-dinner-restaurant-nyc,4.5,1168,CZEN Restaurant,"4410 Avenue H, Brooklyn, NY 11234","People say this Asian fusion restaurant serves delicious oxtail dumplings, sushi rolls, and jerk chicken with udon. They highlight the food is worth the price and the music creates a lively vibe. They also like the attentive and friendly staff."
$49 Dinner For Two With 4 Cocktails,49,pulsd.com/new-york/promotions/fusion-hk-hells-kitchen-nyc,4.5,958,Fusion HK,"688 10th Avenue, New York, NY 10019","People say this bar and grill serves delicious ceviche, arroz chaufa, and tacos, and offers a variety of drinks, including margaritas and pisco sours. They highlight the generous portions, good value, and fun vibes with cactus margarita glasses and large drink options. They also like the friendly and attentive staff, and the excellent service."
$49: 90Min AYCE Tacos & Bottomless Drinks,49,pulsd.com/new-york/promotions/ms-yoo-all-you-can-eat-bottomless-taco-thursdays-dinner,4.5,373,Ms Yoo,"163 Allen Street, New York, NY 10002","People say this cocktail bar offers delicious drinks and tasty food. They highlight the fun and lively vibe, and the friendly, flexible, and attentive staff. They also like the smooth transition from dinner to late-night with a DJ."
"$49 Bottomless Brunch for Two, West Village",49,pulsd.com/new-york/promotions/via-13-bottomless-brunch-restaurant-west-village-nyc,4.5,1209,Via 13,"140 West 13th Street, New York, NY 10011","People say this Italian restaurant serves delicious grilled octopus, hanger steak, and tiramisu. They highlight the great brunch deal, fun and creative family-style brunch, and the sophisticated atmosphere. They also like the attentive and friendly service."
$49 3 Course Bottomless Brunch For Two,49,pulsd.com/new-york/promotions/lunella-bottomless-brunch-nyc,4.5,1989,Lunella,"173 Mulberry Street, New York, NY 10013","Diners say this Italian restaurant serves up delicious and authentic Italian food, including ravioli, spaghetti and meatballs, and fettuccine Alfredo. They also highlight the friendly and attentive service, and the charming and welcoming atmosphere.

Some reviews mention the staff can be impolite."
$49 2Crs Dinner For 2 + Wines/Beers/Sake,49,pulsd.com/new-york/promotions/the-corner-chinese-restaurant-dinner-nyc,4.5,406,The Corner Chinese Restaurant,"698 9th Avenue, New York, NY 10036","People say this Chinese restaurant serves delicious sesame chicken, wonton soup, and eggplant. They also highlight the generous portions, reasonable prices, and clean, cozy atmosphere.

Other reviews mention the food can be overcooked."
$49 Dinner For Two & A Bottle of Wine,49,pulsd.com/new-york/promotions/pizzette-dinner-nyc,4.5,247,Pizzette,"191 Graham Avenue, Brooklyn, NY 11206","People say this Italian restaurant serves delicious pizza, pasta, and house-made burrata. They highlight the fun, bright, and intimate vibe, and the strong, balanced drinks. They also like the friendly and attentive service."
"$39 3 Course Dinner for Two With Wines, Beers",39,pulsd.com/new-york/promotions/bombay-grill-house-dinner-restaurant-nyc,4.5,1341,Bombay Grill House,"764 9th Avenue, New York, NY 10019","People say this Indian restaurant serves delicious chicken tikka masala, naan, and lamb biryani. They highlight the reasonable prices and fun neighborhood. They also like the friendly and attentive staff."
$39 90m 2 Course Bottomless Brunch For Two,39,pulsd.com/new-york/promotions/tia-pol-bottomless-brunch-restaurant-nyc,4.5,682,Tia Pol,"205 10th Avenue, New York, NY 10011","People say this Spanish restaurant serves flavorful tapas and delicious sangria. They highlight the warm and cozy atmosphere, perfect for a casual evening with good food and good company. They also like the friendly and accommodating staff."
$39: 90 Minute Bottomless Brunch For Two,39,pulsd.com/new-york/promotions/ange-noir-bottomless-brunch-restaurant-nyc,4.5,435,Ange Noir,"247 Varet Street, Brooklyn, NY 11206","People say this coffee shop serves delicious breakfast sandwiches, burritos, and crepes, as well as a variety of coffee and tea drinks. They highlight the reasonable prices, cozy and chill atmosphere, and the friendly and welcoming service. They also like the creative energy and the events hosted at the cafe."
$39 Marvelous Cocktail Brunch For Two,39,pulsd.com/new-york/promotions/fusion-hk-hells-kitchen-brunch,4.5,958,Fusion HK,"688 10th Avenue, New York, NY 10019","People say this bar and grill serves delicious ceviche, arroz chaufa, and tacos, and offers a variety of drinks, including margaritas and pisco sours. They highlight the generous portions, good value, and fun vibes with cactus margarita glasses and large drink options. They also like the friendly and attentive staff, and the excellent service."
$39 Dinner For 2 & Bottle Of Wine,39,pulsd.com/new-york/promotions/kaskade-dinner-nyc,4.5,188,Kaskade,"123 Greenpoint Avenue, Brooklyn, NY 11222",
"$39 For A Bottomless Brunch For Two, Midtown",39,pulsd.com/new-york/promotions/bombay-grill-house-bottomless-brunch-restaurant-nyc,4.5,1341,Bombay Grill House,"764 9th Avenue, New York, NY 10019","People say this Indian restaurant serves delicious chicken tikka masala, naan, and lamb biryani. They highlight the reasonable prices and fun neighborhood. They also like the friendly and attentive staff."
$39 For A Luxurious Brunch For Two,39,pulsd.com/new-york/promotions/da-capo-brunch-restaurant-nyc,4.5,493,Da Capo,"322 Columbus Avenue, New York, NY 10023","People say this cocktail bar offers delicious cocktails, including the Big in Japan, and a salmon burger. They highlight the chill, dark, and intimate vibe, and the friendly and knowledgeable bartenders. They also like the attentive service."
"$29 Dinner For 2 + Wines/Beers, Flatiron",29,pulsd.com/new-york/promotions/wok-in-the-clouds-dinner-restaurant-nyc,4.5,365,Wok In The Clouds,"127 E 28th Street, New York, NY 10016","Diners say this modern Indian restaurant serves up delicious Indo-Chinese fusion dishes, including chili paneer, chicken tikka momos, and pan-fried noodles with veg curry. They also highlight the friendly and efficient service, the reasonable prices, and the great value for money.

Some reviews mention the food can be bland."
"$29 For A Bottomless Brunch For Two, Brooklyn",29,pulsd.com/new-york/promotions/czen-restaurant-bottomless-brunch-nyc,4.5,1168,CZEN Restaurant,"4410 Avenue H, Brooklyn, NY 11234","People say this Asian fusion restaurant serves delicious oxtail dumplings, sushi rolls, and jerk chicken with udon. They highlight the food is worth the price and the music creates a lively vibe. They also like the attentive and friendly staff."
40% Off 4 Crs Dinner For Two w Cocktails/Wine,,pulsd.com/new-york/promotions/ai-fiori-dinner-restaurant-nyc,4.4,1770,Ai Fiori,"400 5th Avenue, New York, NY 10018","People say this restaurant serves delicious food, including lobster bisque, squid ink pasta, and duck. They also highlight the attentive service and nice atmosphere.

Other reviews mention the portions can be small."
7Crs Tasting Dinner Experience For 2 & Drinks,,pulsd.com/new-york/promotions/kyu-tasting-dinner-experience-restaurant-nyc,4.4,655,KYU NYC,"324 Lafayette Street , New York, NY 10012,","People say this Asian restaurant serves delicious Korean fried chicken, tuna crispy rice, and short rib. They also highlight the attentive staff, aesthetic bar, and cozy ambiance.

Other reviews mention the food can be overpriced."
"15 Crs Omakase For 2 & Cocktails, Wine, Beer",,pulsd.com/new-york/promotions/shirokuro-omakase-dinner-restaurant-nyc,4.4,248,Shirokuro,"103 2nd Avenue, New York, NY 10003","Diners say this Japanese restaurant serves up delicious omakase, with many raving about the fresh sushi, especially the eel rolls and uni sushi. They also highlight the unique and immersive 2D black-and-white design, making it feel like stepping into a living piece of art."
Sauce Revival x Pop Up Grocer,,pulsd.com/pulses/61237,4.4,127,Pop Up Grocer,"205 Bleecker Street, New York, NY 10012","People say this grocery store offers a variety of unique, local, and new brands, as well as a mini café serving coffee and matcha. They also highlight the fun and interesting products, and the kind and helpful staff.

Other reviews mention the prices can be high."
"$99: 3 Course Dinner For 2 w Cocktails, Wines",99,pulsd.com/new-york/promotions/kyu-dinner-restaurant-nyc,4.4,655,KYU NYC,"324 Lafayette Street , New York, NY 10012,","People say this Asian restaurant serves delicious Korean fried chicken, tuna crispy rice, and short rib. They also highlight the attentive staff, aesthetic bar, and cozy ambiance.

Other reviews mention the food can be overpriced."
"$89: 3 Course Dinner For 2 w Cocktails, Wines",89,pulsd.com/new-york/promotions/the-otter-dinner-restaurant-soho-nyc,4.4,84,The Otter,"58 Thompson Street , New York, NY 10012","People say this seafood restaurant serves delicious seafood platters, scallops, swordfish steak, and burgers. They highlight the fresh ingredients, complex flavors, and innovative dishes, as well as the cozy and stylish atmosphere. They also like the attentive and friendly service."
"$89 3 Course Dinner For Two & Cocktails, Wine",89,pulsd.com/new-york/promotions/kahlo-dinner-restaurant-chelsea-nyc,4.4,690,Kahlo,"525 West 29th Street, New York, NY 10001","People say this Mexican restaurant serves delicious and creative dishes, including tacos, guacamole, and branzino. They also highlight the beautiful and cozy atmosphere, and the friendly and attentive staff.

Other reviews mention the portions can be small."
"$79 3Crs Dinner For 2 with Cocktails, & Wines",79,pulsd.com/new-york/promotions/rebel-dinner-restaurant-nyc,4.4,406,Rebèl Restaurant,"29 Clinton Street, New York, NY 10002","Diners say this Haitian restaurant serves up delicious mussels, legume with shrimp, sos pwa, and herring. They also highlight the great music, clean atmosphere, and excellent customer service.

Some reviews mention the food can be overpriced."
$79 3Crs Dinner For Two & Bottle Of Wine,79,pulsd.com/new-york/promotions/ocabanon-chelsea-restaurant-dinner-nyc,4.4,774,Ocabanon,"245 West 29th Street, New York, NY 10001",
$79 3 Course Dinner For 2 w A Bottle of Wine,79,pulsd.com/new-york/promotions/alison-east-village-dinner-restaurant-nyc,4.4,54,Alison Downtown,"110 St Marks Place, New York, New York 10009","People say this bistro offers delicious oysters, chicken sliders, burgers, and fried calamari. They highlight the relaxed atmosphere, quick service, and generous portions. They also like the friendly and attentive staff."
"$69: 3 Course Dinner For 2 w Cocktails, Wines",69,pulsd.com/new-york/promotions/barano-dinner-restaurant-williamsburg-nyc,4.4,671,Barano,"26 Broadway, Brooklyn, NY 11249","People say this Italian restaurant serves delicious pasta, pizza, and meatballs. They also highlight the cozy and romantic atmosphere, and the friendly and attentive service.

Some reviews mention there can be long wait times."
"$69 3 Course Dinner For Two with Wines, Beers",69,pulsd.com/new-york/promotions/amarone-restaurant-dinner-nyc,4.4,1248,Amarone Restaurant,"686 9th Avenue , New York, NY 10036","Diners say this Italian restaurant serves up delicious pasta dishes, spinach tortellini, and a standout pear dessert. They also highlight the friendly and attentive service, and the reasonable prices.

Some reviews mention the calamari can be overcooked."
"$69 3Crs Dinner For 2 w Wine/Cocktails, Music",69,pulsd.com/new-york/promotions/au-bar-56-dinner-restaurant-nyc,4.4,108,Au Bar 56,"235 W 56th Street, New York, NY 10019","People say this restaurant offers delicious cocktails, including an espresso martini, and a variety of appetizers. They also highlight the intimate and cozy atmosphere, the live music, and the friendly and attentive service.

Other reviews mention the food can be overpriced."
"$69 MichelinGuide 3Crs Dinner For2, Wine",69,pulsd.com/new-york/promotions/il-cortile-dinner-nyc,4.4,2314,Il Cortile,"125 Mulberry Street, New York, NY 10013","Diners say this Italian restaurant serves up delicious tiramisu, eggplant parmigiana, and cheese ravioli, and they praise the beautiful back atrium and outdoor seating. They also highlight the friendly and attentive service, and the romantic and inviting atmosphere.

Some reviews mention the food can be overpriced."
$69 3Crs Dinner For 2 & Cocktails/Wines,69,pulsd.com/new-york/promotions/biricchino-dinner-restaurant-nyc,4.4,598,Biricchino,"260 W 29th Street , New York, NY 10001","Diners say this Italian restaurant serves up delicious pasta, including the pappardelle pasta funghi, and breaded chicken with arugula. They also highlight the friendly and helpful staff, and the cozy and welcoming atmosphere.

Some reviews mention the service can be slow."
$59 3 Course Hibachi Dinner For 2 + Cocktails,59,pulsd.com/new-york/promotions/flame-hibachi-dinner-restaurant-nyc,4.4,578,Flame Hibachi,"381 3rd Avenue, New York, NY","People say this Japanese restaurant offers delicious hibachi, sushi, and dumplings. They also highlight the fun and entertaining atmosphere, and the friendly and attentive service.

Other reviews mention the food can be salty."
$59 90m Bottomless Brunch For Two. NoMad,59,pulsd.com/new-york/promotions/bazar-bottomless-brunch-nyc,4.4,1192,Bazar NoMad,"31 W 26th Street, New York, NY 10010","People say this tapas restaurant serves delicious paella, bone marrow, and truffle fries. They also highlight the friendly staff, amazing drinks, and live music.

Other reviews mention the food can be salty."
$55 Spanish Style Bottomless Brunch For Two,55,pulsd.com/new-york/promotions/pil-pil-bottomless-brunch-restaurant-nyc,4.4,1320,Pil Pil,"265 E 78th Street, New York, NY 10075","People say this Spanish restaurant offers delicious tapas, including patatas bravas, calamari, and croquettes, as well as a popular unlimited brunch. They also highlight the reasonable prices, fun and artsy atmosphere, and friendly, attentive service.

Other reviews mention the sangria can be bland."
$49 3 Course Michelin Chef Dinner For 2,49,pulsd.com/new-york/promotions/saar-restaurant-michelin-chef-dinner-nyc,4.4,1509,Saar,"241 W 51st Street, New York, NY 10019","People say this Indian restaurant offers delicious butter chicken, chicken korma, and garlic naan. They also highlight the attentive staff, fast service, and modern decor.

Other reviews mention the food can be overpriced."
"$49 Bottomless Brunch For Two, Williamsburg",49,pulsd.com/new-york/promotions/casa-andrea-bottomless-brunch-nyc,4.4,262,Casa Andrea,"318 Grand Street , Brooklyn, NY 11211","People say this Peruvian restaurant serves delicious rotisserie chicken, choros a la chalaca, and tuna tartare. They also highlight the generous portions, great value, and fast service.

Some reviews mention the beans can be watery."
"$49 3 Course Dinner For 2 + Cocktails, Wine",49,pulsd.com/new-york/promotions/beebes-boro-hotel-dinner-restaurant-nyc,4.4,465,Beebe's,"38-28 27th Street, Queens, NY 11101","People say this pizza restaurant serves delicious pizza, including the Campfire and Margherita pizzas, and pepperoni chips. They also highlight the friendly and accommodating staff, and the chill and calm vibe with nice music.

Other reviews mention the service can be slow."
$49 2 5-Star Dinner For 2 & Wine Bottle,49,pulsd.com/new-york/promotions/adoro-lei-dinner-nyc,4.4,881,Adoro Lei,"287 Hudson Street, New York, NY 10013","People say this pizza restaurant offers a fun, hands-on pizza-making experience and delicious pizzas. They also highlight the lively, energetic atmosphere, and the friendly, attentive service.

Other reviews mention the food can be overpriced."
$49 Gourmet 90 Min Bottomless Brunch For Two,49,pulsd.com/new-york/promotions/the-stand-bottomless-brunch-nyc,4.4,1665,The Stand,"116 East 16th Street, New York, NY, 10003","People say this comedy club offers delicious pizza, drinks, and stand-up comedy shows. They also highlight the friendly staff, fun atmosphere, and good value, especially during happy hour.

Other reviews mention the service can be slow."
$49 Chef's Tasting For 2 w A Bottle Of Wine,49,pulsd.com/new-york/promotions/madam-ji-dinner-nyc,4.4,989,Madam Ji Ki Shaadi,"154 Bleecker Street , New York, NY 10012","Diners say this Indian restaurant serves up delicious lamb burgers, Chole Bhature, and Pav Bhaji sliders, and they praise the bottomless brunch cocktails. They also highlight the attentive and friendly service, and the lively and enjoyable atmosphere with Bollywood music.

Some reviews mention the prices can be high."
"$49 Bottomless Brunch For Two, G Village",49,pulsd.com/new-york/promotions/madam-ji-bottomless-brunch-nyc,4.4,989,Madam Ji Ki Shaadi,"154 Bleecker Street , New York, NY 10012","Diners say this Indian restaurant serves up delicious lamb burgers, Chole Bhature, and Pav Bhaji sliders, and they praise the bottomless brunch cocktails. They also highlight the attentive and friendly service, and the lively and enjoyable atmosphere with Bollywood music.

Some reviews mention the prices can be high."
$45 Charming Dinner For Two & Wine Bottle,45,pulsd.com/new-york/promotions/jane-doe-dinner-nyc,4.4,408,Jane Doe,"12 West 44th St, New York, NY. 10036","People say this bar offers delicious oysters, inventive cocktails, and a variety of other dishes, including sliders, tacos, and lobster mac and cheese. They also highlight the great happy hour deals, reasonable prices, and charming, elegant atmosphere.

Other reviews mention the service can be slow."
"$45 Luxe Cocktail Brunch For 2, Midtown",45,pulsd.com/new-york/promotions/bistango-cocktail-brunch-nyc,4.4,619,Bistango At The Kimberly Hotel,"145 East 50th Street, New York, NY 10022",
"$39 Bottomless Brunch For Two, Midtown",39,pulsd.com/new-york/promotions/jane-doe-bottomless-brunch-nyc,4.4,408,Jane Doe,"12 West 44th St, New York, NY. 10036","People say this bar offers delicious oysters, inventive cocktails, and a variety of other dishes, including sliders, tacos, and lobster mac and cheese. They also highlight the great happy hour deals, reasonable prices, and charming, elegant atmosphere.

Other reviews mention the service can be slow."
$39 Glamorous Cocktail Brunch For Two In SoHo,39,pulsd.com/new-york/promotions/the-otter-brunch-restaurant-soho-nyc,4.4,84,The Otter,"58 Thompson Street , New York, NY 10012","People say this seafood restaurant serves delicious seafood platters, scallops, swordfish steak, and burgers. They highlight the fresh ingredients, complex flavors, and innovative dishes, as well as the cozy and stylish atmosphere. They also like the attentive and friendly service."
$39 Upper East Side Oysters & Martinis For 2,39,pulsd.com/new-york/promotions/festival-oysters-martini-restaurant-upper-east-side-nyc,4.4,391,FESTIVÁL,"1155 2nd Avenue, New York, NY 10065","Diners say this new American restaurant serves up delicious burgers, oysters, and espresso martinis. They also highlight the friendly staff, great service, and cozy, eclectic vibes.

Some reviews mention the prices can be high."
$39 Oysters & Wine Experience For Two,39,pulsd.com/new-york/promotions/alison-east-village-oysters-wine-nyc,4.4,54,Alison Downtown,"110 St Marks Place, New York, New York 10009","People say this bistro offers delicious oysters, chicken sliders, burgers, and fried calamari. They highlight the relaxed atmosphere, quick service, and generous portions. They also like the friendly and attentive staff."
$39 For A 2 Hour Bottomless Brunch For Two,39,pulsd.com/new-york/promotions/au-bar-56-bottomless-brunch-restaurant-nyc,4.4,108,Au Bar 56,"235 W 56th Street, New York, NY 10019","People say this restaurant offers delicious cocktails, including an espresso martini, and a variety of appetizers. They also highlight the intimate and cozy atmosphere, the live music, and the friendly and attentive service.

Other reviews mention the food can be overpriced."
$29 Dinner For Two & A Bottle of Wine,29,pulsd.com/new-york/promotions/ghandi-cafe-restaurant-dinner-nyc,4.4,528,Ghandi Cafe,"283 Bleecker Street, New York, NY 10014","People say this Indian restaurant serves delicious dishes like samosa chaat, chicken tikka masala, and lamb biryani. They also highlight the great value, the friendly and attentive service, and the charming, casual atmosphere.

Some reviews mention the portions can be small."
$29 For A 2 Course Bottomless Brunch For Two,29,pulsd.com/new-york/promotions/mexiterranean-grill-bottomless-brunch-restaurant-nyc,4.4,121,Mexiterranean Grill,"1365 1st Avenue, New York, NY 10021",
29% Off 5Crs Dinner Yacht Cruise + Wines/Beer,,pulsd.com/new-york/promotions/nyc-water-cruises-dinner-cruise-nyc,4.3,8571,Pier 36,"299 South St, New York, NY 10002","People say this event venue offers a variety of boat rides, including cruises to see the Statue of Liberty, and hosts events like art expos and boat parties. They also highlight the great views of the city skyline, the fun and lively atmosphere, and the attentive staff on the boats.

Other reviews mention the food can be disappointing."
$79: 3 Course Dinner For Two & Bottle Of Wine,79,pulsd.com/new-york/promotions/tio-pepe-dinner-restaurant-greenwich-village-nyc,4.3,645,Tio Pepe,"168 West 4th Street, New York, NY 10014",
"$79 3 Course Dinner For Two w Cocktails, Wine",79,pulsd.com/new-york/promotions/dk-restaurant-dinner-nyc,4.3,617,DK Restaurant,"207 W 36th Street, New York, NY 10018","People say this steakhouse serves delicious porterhouse, ribeye, and tomahawk steaks, as well as seafood options like shrimp cocktail and scallops. They also highlight the friendly and welcoming staff, the attentive service, and the old-school, classy atmosphere.

Other reviews mention the food can be overpriced."
"$69 3Crs Dinner For2 & Cocktails, Wine Bottle",69,pulsd.com/new-york/promotions/blend-williamsburg-dinner-restaurant-nyc,4.3,1191,Blend Williamsburg,"291 Kent Avenue, Brooklyn, NY 11249","People say this Latin American restaurant serves delicious skirt steak, salmon, and arepas. They also highlight the fun, energetic vibe, the beautiful rooftop, and the friendly, attentive staff.

Other reviews mention the food can be cold."
"$69 3Crs Dinner For 2 w Cocktails, Wine, Beer",69,pulsd.com/new-york/promotions/bijans-dinner-restaurant-nyc,4.3,1259,Bijan's,"81 Hoyt Street, Brooklyn, NY 11211","Diners say this New American restaurant serves up delicious Persian Beef Stew, lamb burgers, wings, and a standout beet salad. They also highlight the cozy ambiance with a fireplace, friendly staff, and great cocktails.

Some reviews mention the service can be slow."
"$59 3Crs Dinner For 2 w Cocktails, Wine, Beer",59,pulsd.com/new-york/promotions/ichibantei-dinner-restaurant-nyc,4.3,653,Ichibantei,"100 3rd Avenue, New York, NY 10003","People say this Japanese restaurant serves delicious chicken katsu, niku udon, and tonkatsu. They also highlight the fair prices, great vibe, and friendly staff.

Other reviews mention the food can be inconsistent."
$59 For A Central Park Picnic Package For Two,59,pulsd.com/new-york/promotions/pappardella-central-park-picnic,4.3,1566,Pappardella,"316 Columbus Avenue, New York, NY","People say this Italian restaurant serves delicious lasagna, pizza, and veal, and offers a gluten-free menu. They also highlight the generous portions, reasonable prices, and friendly, attentive service.

Other reviews mention the wait can be long."
"$59 Bottomless Brunch For Two, NoMad",59,pulsd.com/new-york/promotions/mamazul-bottomless-brunch-restaurant-nyc,4.3,1173,Mamazul,"1155 Broadway, New York, NY 10001","People say this Mexican restaurant offers delicious birria tacos, ceviche, and street corn. They also highlight the fun and vibrant atmosphere, and the attentive and friendly service.

Other reviews mention the portions can be small."
"$55 4 Course Dinner For 2 w Cocktails, Wines",55,pulsd.com/new-york/promotions/catria-cucina-dinner-restaurant-nyc,4.3,152,Catria Cucina,"461 W 34th Street , New York, NY 10001","People say this Italian restaurant serves delicious dishes like penne a la vodka, steak chimichurri, and almond cake. They also highlight the comfortable and modern ambiance, appealing table settings, and kind, helpful, and accommodating service.

Other reviews mention the food can be bland."
$49 Greenwich Village Bottomless Brunch For 2,49,pulsd.com/new-york/promotions/tio-pepe-bottomless-brunch-restaurant-greenwich-village-nyc,4.3,645,Tio Pepe,"168 West 4th Street, New York, NY 10014",
"$49 Seaport Dinner For 2 w Cocktails, Wines",49,pulsd.com/new-york/promotions/cowgirl-seahorse-dinner-restaurant-nyc,4.3,1381,Cowgirl SeaHorse,"259 Front Street, New York, NY 10038",
"$49 2Hr Bottomless Brunch For 2, Williamsburg",49,pulsd.com/new-york/promotions/mamasushi-bottomless-brunch-restaurant-nyc,4.3,194,MamaSushi,"391 Hooper Street, Brooklyn, NY 11211","People say this Asian fusion restaurant offers a wide selection of sushi rolls, and the drinks are visually appealing. They also highlight the friendly and attentive service, and the welcoming and fun vibes.

Other reviews mention the food can be disappointing."
"$49 Endless Drinks & Tacos For2, Williamsburg",49,pulsd.com/new-york/promotions/blend-williamsburg-bottomless-dinner-unlimited-tacos-nyc,4.3,1191,Blend Williamsburg,"291 Kent Avenue, Brooklyn, NY 11249","People say this Latin American restaurant serves delicious skirt steak, salmon, and arepas. They also highlight the fun, energetic vibe, the beautiful rooftop, and the friendly, attentive staff.

Other reviews mention the food can be cold."
"$49 Bottomless Brunch For Two, East Village",49,pulsd.com/new-york/promotions/ichibantei-bottomless-brunch-restaurant-nyc,4.3,653,Ichibantei,"100 3rd Avenue, New York, NY 10003","People say this Japanese restaurant serves delicious chicken katsu, niku udon, and tonkatsu. They also highlight the fair prices, great vibe, and friendly staff.

Other reviews mention the food can be inconsistent."
$49 Upper East Side Cocktail Brunch For Two,49,pulsd.com/new-york/promotions/amali-cocktail-brunch-restaurant-nyc,4.3,549,Amali,"115 E 60th Street, New York, NY 10022","Diners say this Mediterranean restaurant serves up delicious grilled octopus, handmade pasta, and a notable cheeseburger. They also highlight the chic yet inviting atmosphere, impeccable wine list, and warm, attentive service.

Some reviews mention the gratuity can be automatically added to the bill."
"$45 Cocktail Brunch For Two, UWS",45,pulsd.com/new-york/promotions/pappardella-cocktail-brunch-restaurant-nyc,4.3,1566,Pappardella,"316 Columbus Avenue, New York, NY","People say this Italian restaurant serves delicious lasagna, pizza, and veal, and offers a gluten-free menu. They also highlight the generous portions, reasonable prices, and friendly, attentive service.

Other reviews mention the wait can be long."
$45 Seafood Boil Feast For 2 w Cocktails/Wine,45,pulsd.com/new-york/promotions/shaking-crab-williamsburg-dinner-brunch-lunch-restaurant-nyc,4.3,359,Shaking Crab Williamsburg,"1045 Flushing Avenue, Brooklyn, NY 11237","People say this seafood restaurant serves fresh and delicious seafood boils, lobster mac and cheese, and banana pudding. They also highlight the friendly and attentive staff, the upbeat music, and the ability to customize seafood boils.

Other reviews mention the food can be overpriced."
"$39 Bottomless Brunch For Two, UES",39,pulsd.com/new-york/promotions/a-la-turka-bottomless-brunch-restaurant-nyc,4.3,1136,A La Turka,"1417 2nd Avenue, New York, NY 10021","People say this restaurant serves delicious Turkish food, including excellent mixed grills, lamb shanks, and Adana kebabs. They also highlight the beautiful and authentic atmosphere, and the attentive and friendly service.

Other reviews mention the portions can be small."
$39 2 Crs Dinner For Two With Wines/Cocktails,39,pulsd.com/new-york/promotions/salud-soho-dinner-restaurant-nyc,4.3,78,Salud,"183 Grand Street, New York, NY 10013","People say this restaurant offers creative cocktails and elevated small bites. They highlight the vibrant and energetic atmosphere, and the friendly and attentive staff. They also like the cozy and bohemian feel."
$39 Brunch For Two & Cocktail Trees & More,39,pulsd.com/new-york/promotions/recreation-cocktail-brunch-restaurant-nyc,4.3,321,Recreation,"26 Ann Street, New York, NY 10038","People say this cocktail bar offers delicious drinks and a variety of shared bites. They also highlight the fun, cozy, and nostalgic vibe, and the attentive, welcoming, and charismatic service.

Other reviews mention the food portions can be small."
$39 Rooftop Cocktails & Bites Experience,39,pulsd.com/new-york/promotions/vue-180-cocktails-bites-experience-rooftop-nyc,4.3,241,Vue 180,"525 8th Avenue, New York, NY 10018","People say this bar offers delicious drinks, including an old fashioned made with Buffalo Trace, and a variety of appetizers like beef satay skewers and nachos. They also highlight the great prices, especially during happy hour, and the beautiful views of the city from the rooftop.

Other reviews mention the food can be inconsistent."
"$39 Dinner For Two & Wine/Beers, East Village",39,pulsd.com/new-york/promotions/whitmans-east-village-dinner-restaurant-nyc,4.3,437,Whitmans East Village,"406 E 9th Street, New York, NY 10009",
"$29 2Crs Boozy Cocktail Brunch For 2, Hoboken",29,pulsd.com/new-york/promotions/madd-hatter-cocktail-brunch-restaurant-nyc,4.3,3188,Madd Hatter,"221 Washington Street, Hoboken, NJ 07030","People say this bar and grill offers delicious wings, mac and cheese, and brunch options, as well as great drink specials and screwdrivers. They also highlight the fun, lively atmosphere, perfect for watching football, and the friendly, attentive staff and bartenders.

Other reviews mention the drinks can be expensive."
$29 Touchdown Dinner For Two With Drinks,29,pulsd.com/new-york/promotions/madd-hatter-dinner-restaurant-nyc,4.3,3188,Madd Hatter,"221 Washington Street, Hoboken, NJ 07030","People say this bar and grill offers delicious wings, mac and cheese, and brunch options, as well as great drink specials and screwdrivers. They also highlight the fun, lively atmosphere, perfect for watching football, and the friendly, attentive staff and bartenders.

Other reviews mention the drinks can be expensive."
$29 Tix: Champagne & Sparkling Wine Tasting,29,pulsd.com/new-york/promotions/le-du-wines-champagne-sparkling-wines-tasting,4.3,51,Le Du Wines,"600 Washington Street, New York, NY",
Rooftop VDay For 2 + Champagne Bottle & More,,pulsd.com/new-york/promotions/elsie-rooftop-valentines-day-experience-nyc,4.2,1593,Elsie Rooftop,"1412 Broadway, 25th Floor, New York, NY 10018","People say this lounge offers amazing food and a fun salsa dancing floor. They also highlight the stunning views, lively vibe, and friendly staff.

Other reviews mention the drinks can be overpriced."
$85 Eataly Alpine Winter Wine & Food Festival,85,pulsd.com/new-york/promotions/eataly-2026-alpine-food-wine-festival-nyc,4.2,6199,Eataly NYC Downtown,"4 World Trade Center, 101 Liberty St., 3rd Floor, New York, NY","People say this Italian restaurant offers delicious lasagna, fresh pasta, and focaccia. They also highlight the friendly staff, the vibrant atmosphere, and the wide selection of Italian groceries.

Other reviews mention the food can be overpriced."
$79 Speakeasy Burlesque Experience For 2,79,pulsd.com/new-york/promotions/adelaides-salon-speakeasy-burlesque-cocktail-experience-nyc,4.2,71,Adélaïde’s Salon,"176 8th Avenue, Manhattan NY, 10011",
$59 Rooftop Bottomless Brunch For Two,59,pulsd.com/new-york/promotions/elsie-rooftop-bottomless-brunch-restaurant-nyc,4.2,1594,Elsie Rooftop,"1412 Broadway, 25th Floor, New York, NY 10018","People say this lounge offers amazing food and strong drinks. They also highlight the beautiful venue, great views, and fun atmosphere, especially during themed nights.

Some reviews mention the food can be overpriced."
$49 For A 90 Minute Bottomless Brunch for Two,49,pulsd.com/new-york/promotions/lagos-bottomless-brunch-restaurant-nyc,4.2,2545,Lagos,"727 7th Avenue, New York, NY 10019","Diners say this African restaurant serves up delicious suya, jollof rice, and plantains, and they praise the lively atmosphere with great music. They also highlight the friendly and attentive staff, and many recommend the brunch and happy hour.

Some reviews mention the music can be loud."
"$49 Bottomless Brunch For Two, FiDi",49,pulsd.com/new-york/promotions/clinton-hall-fidi-restaurant-bottomless-brunch-nyc,4.2,1901,Clinton Hall FiDi,"90 Washington Street, New York, NY 10006","People say this beer garden offers a wide selection of beers and delicious drinks. They also highlight the fun games, outdoor seating, and the accommodating and respectful staff.

Other reviews mention the food can be disappointing."
$49 Dinner For 2 & Cocktails/Wines/Beers,49,pulsd.com/new-york/promotions/sea-thai-dinner-restaurant-nyc,4.2,6051,SEA,"114 North 6th Street, New York, NY 11211","Diners say this Thai restaurant serves up delicious drunken noodles, crispy seafood salad, and red curry with crispy duck. They also highlight the beautiful interior, spacious layout, and friendly, attentive service.

Some reviews mention the music can be loud."
"$49 3Crs Dinner For 2 & Cocktails, Wine, Beer",49,pulsd.com/new-york/promotions/jalao-dinner-restaurant-nyc,4.2,1070,Jalao,"2420 Amsterdam Avenue, New York, NY 10033","People say this restaurant serves delicious Dominican food, including skirt steak, oxtail, and chicharrón. They also highlight the lively atmosphere, great music, and friendly service.

Other reviews mention the service can be slow."
"$49 Endless Drinks & Tacos For Two, Astoria",49,pulsd.com/new-york/promotions/blend-astoria-bottomless-drinks-and-tacos-nyc,4.2,2197,Blend Astoria,"37-17 30th Avenue, Astoria, NY 11103","People say this Latin American restaurant serves delicious tilapia, fried rice, and salmon, and offers a variety of tasty desserts. They also highlight the lively atmosphere, friendly staff, and good drinks.

Other reviews mention the service can be slow."
"$49 Bottomless Brunch For Two, Midtown",49,pulsd.com/new-york/promotions/clinton-hall-36th-street-restaurant-bottomless-brunch-nyc,4.2,787,Clinton Hall 36th Street,"16 W 36th Street, New York, NY 10018","People say this beer garden offers good drinks and a variety of beers. They also highlight the friendly and accommodating staff, and the spacious atmosphere suitable for large groups.

Other reviews mention the food can be mid."
$49 3Crs Dinner For 2 & Cocktails/Wines,49,pulsd.com/new-york/promotions/bourbon-street-dinner-restaurant-nyc,4.2,2403,Bourbon Street,"40-12 Bell Boulevard, Bayside, NY 11361","People say this restaurant offers delicious Cajun and Creole dishes, including jambalaya, gumbo, and blackened seafood, as well as a variety of cocktails and beers. They also highlight the lively and festive atmosphere, often with live music, and the friendly service.

Other reviews mention the food can be overpriced."
"$49 Bottomless Brunch For Two, Midtown",49,pulsd.com/new-york/promotions/clinton-hall-51st-street-restaurant-bottomless-brunch-nyc,4.2,646,Clinton Hall,"230 E 51st Street, New York, NY 10022",
$49 For A 90 Minute Bottomless Brunch For Two,49,pulsd.com/new-york/promotions/la-palapa-nyc-bottomless-brunch-restaurant-nyc,4.2,776,La Palapa,"77 St. Marks Place, New York, NY 10003","Diners say this Mexican restaurant serves up delicious bottomless brunch with options like huevos rancheros, avocado toast, and tulum eggs, alongside tasty margaritas. They also highlight the lively atmosphere, complete with a cute exterior decor and a great happy hour with frozen margaritas.

Some reviews mention the service can be slow."
$39 Penthouse Dinner For 2 w Cocktails/Wines,39,pulsd.com/new-york/promotions/the-ivy-room-dinner-restaurant-nyc,4.2,113,The Ivy Room,"420 Park Ave South, New York, NY 10016","Diners say this restaurant serves up delicious steak frites, burgers, and an impressive old fashioned. They also highlight the intimate and charming atmosphere, complete with live music and a cozy fireplace.

Some reviews mention the service can be slow."
$39 Rooftop Bottomless Brunch For Two,39,pulsd.com/new-york/promotions/bourbon-street-bottomless-brunch-restaurant-nyc,4.2,2403,Bourbon Street,"40-12 Bell Boulevard, Bayside, NY 11361","People say this restaurant offers delicious Cajun and Creole dishes, including jambalaya, gumbo, and blackened seafood, as well as a variety of cocktails and beers. They also highlight the lively and festive atmosphere, often with live music, and the friendly service.

Other reviews mention the food can be overpriced."
$29 Ticket: Rooftop Super Bowl Open Bar Party,29,pulsd.com/new-york/promotions/2026-elsie-rooftop-open-bar-super-bowl-party-nyc,4.2,1594,Elsie Rooftop,"1412 Broadway, 25th Floor, New York, NY 10018","People say this lounge offers amazing food and strong drinks. They also highlight the beautiful venue, great views, and fun atmosphere, especially during themed nights.

Some reviews mention the food can be overpriced."
$29 Bottomless Jazz Brunch For Two,29,pulsd.com/new-york/promotions/the-ivy-room-bottomless-brunch-restaurant-nyc,4.2,113,The Ivy Room,"420 Park Ave South, New York, NY 10016","Diners say this restaurant serves up delicious steak frites, burgers, and an impressive old fashioned. They also highlight the intimate and charming atmosphere, complete with live music and a cozy fireplace.

Some reviews mention the service can be slow."
$29 NYT Praised 2Hour Bottomless Brunch For 2,29,pulsd.com/new-york/promotions/jalao-bottomless-brunch-restaurant-nyc,4.2,1070,Jalao,"2420 Amsterdam Avenue, New York, NY 10033","People say this restaurant serves delicious Dominican food, including skirt steak, oxtail, and chicharrón. They also highlight the lively atmosphere, great music, and friendly service.

Other reviews mention the service can be slow."
$29 For A Dinner for 2 With Drinks,29,pulsd.com/new-york/promotions/north-sea-tavern-dinner-hamptons-ny,4.2,274,North Sea Tavern,"1271 N Sea Road, Southampton, NY 11968",
The Dubai Frozen Hot Chocolate Experience,,pulsd.com/new-york/promotions/serendipity-3-upper-east-side-date-night-restaurant-nyc,4.1,6486,Serendipity 3,"225 East 60th Street , New York, NY 10022","People say this American restaurant serves delicious frozen hot chocolate, banana splits, and sundaes. They also highlight the fun, whimsical atmosphere, and the friendly, attentive staff.

Other reviews mention the food can be pricey."
$89 Caviar+Oysters Brunch For 2 & Bubbly,89,pulsd.com/new-york/promotions/number-one-caviar-brunch-restaurant-nyc,4.1,112,Number One Caviar,"14 Wall Street, New York, NY 10005","People say this boutique offers a caviar-centric omakase and a variety of high-quality caviar. They also highlight the reasonable prices and the exclusive, cool vibe.

Other reviews mention the service can be impolite."
"$69 3Crs Dinner For 2 + Cocktails, Wine, Beer",69,pulsd.com/new-york/promotions/the-butchers-daughter-williamsburg-dinner-restaurant-nyc,4.1,1089,The Butchers Daughter - Williamsburg,"271 Metropolitan Avenue, Brooklyn, NY 11211","People say this vegetarian restaurant offers delicious brunch, with a nice menu selection, and flavorful dishes. They also highlight the friendly staff, chill vibes, and great drinks, including juices and lattes.

Other reviews mention the portions can be small."
"$69 3Crs Dinner For 2 With Cocktails, Wines",69,pulsd.com/new-york/promotions/lobby-bar-and-garden-dinner-restaurant-nyc,4.1,84,The Lobby Bar & Garden,"518 W 27th Street, New York, NY 10001",
$59 Rooftop Cocktails & Bonfire Fondue For 2,59,pulsd.com/new-york/promotions/sandbar-rooftop-cocktails-fondue-experience-nyc,4.1,450,Sandbar Rooftop,"152 West 26th Street, New York, NY 10001","People say this lounge offers great cocktails and a small food menu with options like cheese fondue, s'mores, and pinsa-style pizzas. They also highlight the reasonable prices, the relaxed and comfortable atmosphere, and the fantastic views of the city, including the Empire State Building.

Other reviews mention the service can be slow."
$59 3Crs Dinner For 2 w Wine Bottle/Cocktails,59,pulsd.com/new-york/promotions/baazi-dinner-restaurant-nyc,4.1,341,Baazi,"2588 Broadway , New York, NY 10025","People say this restaurant serves delicious and creative Indian dishes with diverse flavors. They also highlight the mid-range prices and pleasant atmosphere.

Other reviews mention the service can be slow."
$59 90m Rooftop Bottomless Brunch For Two,59,pulsd.com/new-york/promotions/lighthouse-rooftop-bottomless-brunch-restaurant-nyc,4.1,825,Lighthouse Rooftop,"45-15 37th Street, Queens, NY 11101","Diners say this restaurant offers delicious brunch items like steak and eggs, chicken and waffles, and a mimosa tower, alongside tasty dinner options such as branzino, short rib egg rolls, and a bourbon burger. They also highlight the beautiful city views, especially from the rooftop, and the lively atmosphere with music and dancing.

Some reviews mention the service can be slow."
$59 Celeb-Pick 3 Crs Dinner For 2 & Cocktails,59,pulsd.com/new-york/promotions/pink-taco-dinner-restaurant-nyc,4.1,1338,Pink Taco,"7 Times Square, New York, NY 10036","People say this Mexican restaurant offers a good selection of tacos, including the OG Pink Taco and cauliflower taco, as well as a delicious chicken Caesar salad. They also highlight the friendly and attentive service, and the fun, lively atmosphere.

Other reviews mention the food can be overpriced."
$55 3 Course Dinner For Two + Sangria Pitcher,55,pulsd.com/new-york/promotions/umbertos-clam-house-dinner-nyc,4.1,1239,Umberto's Clam House,"132 Mulberry Street, New York, NY 10013","Diners say this Italian restaurant serves delicious clams, pasta, and pizza, and they praise the fresh seafood. They also highlight the friendly and attentive service, and the authentic Italian atmosphere, especially in the outdoor seating area.

Some reviews mention the food can be overpriced."
$49 3 Course Dinner For 2 & Wines/Beers,49,pulsd.com/new-york/promotions/han-dynasty-long-island-city-dinner-restaurant-nyc,4.1,117,Han Dynasty Long Island City,"4504 Pearson Street, Long Island City, NY 11101","People say this Chinese restaurant serves delicious Dan Dan noodles, dry pepper chicken, and tofu pot. They also highlight the good value, spacious dining area with beautiful art, and attentive service.

Other reviews mention the food can be overpriced."
$49 AYCE/AYCD Tacos & Drinks Dinner For Two,49,pulsd.com/new-york/promotions/h-and-h-cantina-drinks-and-tacos-dinner-restaurant-east-village-nyc,4.1,10,H&H Cantina,"103 1st Avenue, New York, NY 10003",
"$49 Bottomless Brunch for Two, East Village",49,pulsd.com/new-york/promotions/h-and-h-cantina-bottomless-brunch-restaurant-east-village-nyc,4.1,10,H&H Cantina,"103 1st Avenue, New York, NY 10003",
$49 Epic 90 Minute Bottomless Brunch For Two,49,pulsd.com/new-york/promotions/pink-taco-bottomless-brunch-restaurant-nyc,4.1,1338,Pink Taco,"7 Times Square, New York, NY 10036","People say this Mexican restaurant offers a good selection of tacos, including the OG Pink Taco and cauliflower taco, as well as a delicious chicken Caesar salad. They also highlight the friendly and attentive service, and the fun, lively atmosphere.

Other reviews mention the food can be overpriced."
$39 Dinner For 2 & Cocktails/Wines/Beers,39,pulsd.com/new-york/promotions/chote-nawab-dinner-nyc,4.1,917,Chote Nawab,"115 Lexington Avenue, New York, NY 10016","People say this Indian restaurant serves delicious and flavorful dishes, including uncommon options like chicken with green chili and coconut, and lamb biryani. They also highlight the reasonable prices, quick service, and the warm and attentive staff.

Other reviews mention the food can be inconsistent."
$39 Dinner For 2 & Cocktails/Wines/Beers,39,pulsd.com/new-york/promotions/malai-marke-dinner-nyc,4.1,563,Malai Marke,"318 E 6th Street, New York, NY 10003",
$39 Dinner For 2 & Cocktails/Wine/Beers,39,pulsd.com/new-york/promotions/the-grand-dinner-restaurant-nyc,4.1,1656,The Grand,"37-01 30th Avenue, Astoria, NY 11103","People say this restaurant offers delicious mac and cheese balls, chicken and waffles, and lemon pepper chicken wings. They also highlight the chill vibe, friendly and attentive service, and the charismatic barista.

Other reviews mention the food can be overpriced."
$29 For A 2 Course Bottomless Brunch For Two,29,pulsd.com/new-york/promotions/pita-and-beyond-bottomless-brunch-restaurant-nyc,4.1,210,Pita & Beyond,"417 3rd Avenue, New York, NY 10016","People say this restaurant serves delicious tacos, birria, and enchiladas, as well as refreshing margaritas and smoothies. They also highlight the generous portions, good value, and friendly, welcoming service.

Some reviews mention the service can be slow."
Speakeasy 12 Crs Cocktail Omakase Experience,,pulsd.com/new-york/promotions/f-and-bar-speakeasy-omakase-dinner-nyc,4,4,F&Bar,"705 Myrtle Avenue, Brooklyn, NY 11205",
"Michelin Guide 4 Crs Dinner, Dessert, Drinks",,pulsd.com/new-york/promotions/la-devozione-the-oval-dinner-restaurant-nyc,4,720,La Devozione,"428 W 16th Street, New York, NY 10011","People say this restaurant serves delicious, authentic Italian pasta, including carbonara and tasting menus. They also highlight the lively atmosphere, the attentive service, and the fun experience of sitting at the oval overlooking the kitchen.

Other reviews mention the food can be overpriced."
"$69 3Crs Dinner For 2, Wine Bottle, Cocktails",69,pulsd.com/new-york/promotions/boathouse-rooftop-dinner-restaurant-nyc,4,58,Boathouse Rooftop,"32-72 Steinway Street, Astoria, NY 11103","People say this restaurant offers delicious braised short ribs, ribeye steak, and lamb chops, as well as a variety of drinks and hookah flavors. They also highlight the beautiful decor, stunning rooftop views, and attentive service.

Other reviews mention the food can be overpriced."
"$69 3Crs Dinner For 2 + Cocktails, Wine, Beer",69,pulsd.com/new-york/promotions/the-butchers-daughter-nolita-dinner-restaurant-nyc,4,2112,The Butcher's Daughter - Nolita,"19 Kenmare Street, New York NY 10012","People say this vegetarian restaurant serves delicious food, especially the pepperoni pizza, surfer burrito, and avocado toast. They also highlight the fresh, healthy ingredients, and the friendly, attentive service.

Other reviews mention the food can be overpriced."
$59 3 Course Dinner For 2 With Cocktails,59,pulsd.com/new-york/promotions/lowkey-garden-lounge-restaurant-dinner-nyc,4,442,Lowkey Garden Lounge,"70-15 Austin Street, Queens, NY 11375","People say this restaurant offers amazing omelettes and other brunch dishes, as well as good drinks and hookah. They also highlight the cute and aesthetically pleasing setup, the fun and playful vibe, and the attentive service from the staff.

Other reviews mention the music can be loud."
$49 For A 2 Course Dinner For 2 w Wine,49,pulsd.com/new-york/promotions/inti-restaurant-dinner-nyc,4,522,Inti Restaurant,"820 10th Avenue, New York, NY 10019","Diners say this Peruvian restaurant serves up delicious lomo saltado, Peruvian chicken, and pisco sours. They also highlight the friendly service, lively atmosphere, and authentic Peruvian flavors.

Some reviews mention the service can be slow."
$49 Gorgeous Bottomless Brunch for Two,49,pulsd.com/new-york/promotions/lowkey-garden-lounge-bottomless-brunch,4,442,Lowkey Garden Lounge,"70-15 Austin Street, Queens, NY 11375","People say this restaurant offers amazing omelettes and other brunch dishes, as well as good drinks and hookah. They also highlight the cute and aesthetically pleasing setup, the fun and playful vibe, and the attentive service from the staff.

Other reviews mention the music can be loud."
$49 Rooftop 90 Minute Bottomless Brunch For 2,49,pulsd.com/new-york/promotions/boathouse-rooftop-bottomless-brunch-restaurant-nyc,4,58,Boathouse Rooftop,"32-72 Steinway Street, Astoria, NY 11103","People say this restaurant offers delicious braised short ribs, ribeye steak, and lamb chops, as well as a variety of drinks and hookah flavors. They also highlight the beautiful decor, stunning rooftop views, and attentive service.

Other reviews mention the food can be overpriced."
$39 Dinner For 2 & Cocktails/Wines/Beer,39,pulsd.com/new-york/promotions/masala-king-nyc-dinner,4,969,Masala King,"64 E 34th Street, New York, NY 10016","People say this Indian restaurant serves delicious butter chicken, naan, and tandoori chicken. They also highlight the generous portion sizes, fresh ingredients, and authentic flavors.

Other reviews mention the service can be slow."
New York Knicks Alumni Fest,,pulsd.com/pulses/61310,3.9,288,Pier 36,"299 South St, New York, NY 10002",
"$69 3 Crs Bottomless Dinner For Two, Astoria",69,pulsd.com/new-york/promotions/zikrayat-bottomless-dinner-restaurant-nyc,3.9,91,Zikrayat,"24-17 Steinway Street , Astoria, NY 11103","People say this Middle Eastern restaurant offers a great buffet with delicious food. They also highlight the friendly staff, welcoming hospitality, and entertaining live music and belly dancing.

Other reviews mention the service can be slow."
$59 Rooftop Bottomless Brunch For Two,59,pulsd.com/new-york/promotions/highkey-rainforest-rooftop-bottomless-brunch-restaurant-nyc,3.9,658,Highkey Rainforest Rooftop,"6 Platt Street, New York, NY 10038","People say this restaurant offers delicious lobster skewers, burger sliders, and sangria, and has a beautiful atmosphere with Instagram-worthy photo opportunities.

Other reviews mention the food can be bland and the service can be slow."
"$59 3Crs Dinner For 2 & Cocktails, Wine, Beer",59,pulsd.com/new-york/promotions/the-heist-dinner-restaurant-nyc,3.8,2684,The Heist,"60 W 37th Street, New York, NY 10018","People say this hotel offers spacious rooms with great city views, and a complimentary breakfast and evening reception with snacks and drinks.

Other reviews mention the elevators can be slow and the rooms can be small."
"$59 Japanese Dinner For Two & Cocktails, Wine",59,pulsd.com/new-york/promotions/bliss-terasu-dinner-restaurant-nyc,3.8,25,Bliss Terasu,"6 Platt Street, New York, NY 10038",
"$39 Speakeasy Cocktail Experience For 2, UES",39,pulsd.com/new-york/promotions/the-ues-speakeasy-cocktails-ice-cream-experience-nyc,3.7,677,The UES.,"1707 Second Avenue, New York, NY 10128","People say this ice cream shop offers a fun speakeasy concept.

Other reviews mention the service can be slow and the staff can be inattentive."
$29 90 Minute Bottomless Brunch For Two,29,pulsd.com/new-york/promotions/guesthouse-bottomless-brunch-restaurant-nyc,3.7,100,GuestHouse,"265 Graham Avenue, Brooklyn, NY 11206","People say this restaurant offers delicious lamb chops, wings, and drinks, and has a great brunch experience.

Other reviews mention the food can be slow to arrive and the portions can be small."
"$29 Dinner For Two w Cocktails, Wines, Beers",29,pulsd.com/new-york/promotions/guesthouse-dinner-restaurant-nyc,3.7,100,GuestHouse,"265 Graham Avenue, Brooklyn, NY 11206","People say this restaurant offers delicious lamb chops, wings, and drinks, and has a great brunch experience.

Other reviews mention the food can be slow to arrive and the portions can be small."
Tyra Banks’ Smize & Dream Ice Cream Pop Up,,pulsd.com/pulses/61220,,,"New York, NY","New York, NY",
Fiasconaro Boutique Pop-up,,pulsd.com/pulses/60487,,,422 West Broadway,"422 West Broadway , New York, NY 10012",
pulsd Gift Cards,,pulsd.com/new-york/promotions/pulsd-gift-cards,,,"New York, NY","New York, NY",
Free Bagels,,pulsd.com/pulses/61308,,,"New York, NY","New York, NY",
$115 Membership To A Private Dinner Club,115,pulsd.com/new-york/promotions/2023-tasting-collective-dinner-club-membership-nyc,,,"New York, NY","New York, NY",
