pulsd_title,pulsd_price,google_rating,google_total_ratings,restaurant_name,google_url,pulsd_address,google_review_summary,pulsd_url
$99 Pizza Making Class For 2 w Cocktails/Wine,99,5,251,Saucey Pizza Bar,https://www.google.com/maps/place/?q=place_id:ChIJJ3Rw6R9ZwokRNDjXSDEOXxQ,"36-21 Review Avenue, Long Island City, NY 11101","People say this pizza restaurant offers delicious pizzas, garlic bread, and drinks. They highlight the fresh ingredients, authentic flavors, and fun pizza-making classes. They also like the friendly staff, welcoming atmosphere, and great service.",pulsd.com/new-york/promotions/saucey-pizza-making-classes-restaurants-nyc
"$69 3 Course Dinner For 2 & Cocktails, Wines",69,5,15,Blackbird,https://www.google.com/maps/place/?q=place_id:ChIJ4w35kuNbwokRZiWBvg9LErk,"428 S 5th Street, Brooklyn, NY 11211","People say this restaurant offers delicious and satisfying vegan options, as well as a unique Edamame Burger. They highlight the chic and chill atmosphere, and the attentive and friendly service. They also like the knowledgeable staff.",pulsd.com/new-york/promotions/blackbird-dinner-restaurant-nyc
$25 Tickets: The 2026 Brooklyn Wine Festival,25,5,3,Industry City - Building 5,https://www.google.com/maps/place/?q=place_id:ChIJo2EvIVhbwokRR5XobNHAHpw,"33 35th Street, Brooklyn, NY 11232",,pulsd.com/new-york/promotions/the-2026-brooklyn-wine-festival-nyc
Atmosphere with Aesop,,4.9,34,Aesop Rockefeller Center,https://www.google.com/maps/place/?q=place_id:ChIJC3461rhZwokR_Z5N9hKH02E,"610 Fifth Avenue, , Suite 7 New York, NY",People say this beauty supply store offers a free book event featuring Queer authors. They highlight the staff provides helpful advice. They also like the friendly and knowledgeable service.,pulsd.com/pulses/61319
$249 9 Course Chef's Table Experience For Two,249,4.9,86,6 Restaurant,https://www.google.com/maps/place/?q=place_id:ChIJDfRavFtbwokRijMBw1NobfM,"481 Court Street, Brooklyn, NY 11231","People say this restaurant serves delicious dishes, including gnocchi, picaña, and a chicory salad, and offers a tasting menu. They highlight the reasonable prices and the cozy, modern Parisian bistro atmosphere. They also like the friendly and attentive service.",pulsd.com/new-york/promotions/6-restaurant-nyc-chefs-table-dinner
"$69 2 Course Dinner For 2 & Cocktails, Wines",69,4.9,49,By & By,https://www.google.com/maps/place/?q=place_id:ChIJXeQ_obpZwokRjDueh_2hheM,"644 10th Avenue, New York, NY 10036","People say this bar offers substantial and flavorful small plates, as well as well-curated cocktails and wine. They highlight the delicious lamb sliders, curry spring rolls, and Korean beef skewers, and the unique and flavorful cocktails and mocktails. They also like the friendly and attentive service.",pulsd.com/new-york/promotions/by-and-by-dinner-restaurant-nyc
$49 AYCE Dumplings & Noodles For 2 +Cocktails,49,4.9,40,The Lotus Room,https://www.google.com/maps/place/?q=place_id:ChIJE9fzYv9YwokRnzR1M_R6_uU,"114 West 47th Street, New York, NY 10036",,pulsd.com/new-york/promotions/the-lotus-room-dinner-restaurant-nyc
"$39 Dinner For Two & Cocktails, Wines, Beers",39,4.9,296,Burgers and Beer,https://www.google.com/maps/place/?q=place_id:ChIJz1tFP_9ZwokR1NewYt9iemw,"170 West 4th Street , New York, NY 10014","People say this hamburger restaurant serves delicious burgers, including the specialty French onion soup burger, and offers a solid beer selection. They highlight the moderate prices, fun and cozy atmosphere, and the attentive and friendly staff. They also like the complimentary onion rings and fries.",pulsd.com/new-york/promotions/burgers-beer-dinner-restaurant-nyc
"$39 Dinner For Two & Cocktails, Wines, Beers",39,4.9,89,Wok In Duane,https://www.google.com/maps/place/?q=place_id:ChIJXcKmIRtbwokR7XKV0tqoYYM,"181 Duane Street, New York, NY 10013","People say this Asian restaurant serves fresh, flavorful dishes, including Hot and Sour Soup, String Beans, Chicken Fried Rice, and Mongolian Beef. They highlight the generous portions, reasonable prices, and relaxing atmosphere. They also like the friendly and accommodating service.",pulsd.com/new-york/promotions/wok-in-duane-dinner-restaurant-nyc
50% Off Tickets To Drunk Shakespeare,,4.8,180,The Ruby Theatre,https://www.google.com/maps/place/?q=place_id:ChIJMRchbudZwokRkZaaaZO5kHA,"35 West 39th Street, New York, NY, 10018",,pulsd.com/new-york/promotions/drunk-shakespeare-tickets-nyc
$85 4 Course Dinner for 2 & Wines/Beers,85,4.8,1642,Cka Ka Qellue,https://www.google.com/maps/place/?q=place_id:ChIJJa93rKRZwokRPoOmc_ta6DU,"118 E 31st Street, New York, NY 10016","People say this Mediterranean restaurant serves delicious Albanian food, including qebapa, qofte, and a mixed grill platter, as well as fresh bread and dips like ajvar and taratore. They highlight the authentic flavors, cozy atmosphere, and attentive service. They also like the historical decor and the option to try traditional Albanian dishes like tave kosi and fli.",pulsd.com/new-york/promotions/cka-ka-qellue-dinner-restaurant-nyc
"$79 3Crs Sushi Dinner For 2 & Cocktails, Wine",79,4.8,75,Sushi Saint,https://www.google.com/maps/place/?q=place_id:ChIJFUaWnL9ZwokR8PbqkNt-FCQ,"11-01 43rd Avenue, Long Island City, NY 11101","People say this sushi restaurant serves delicious and creative hand rolls, with the salmon, hamachi, and crab being particularly popular. They highlight the generous portions, fresh ingredients, and subtle flavors that evoke memories. They also like the attentive service and intimate dining experience.",pulsd.com/new-york/promotions/sushi-saint-dinner-restaurant-nyc
$79 3 Course Dinner For 2 w Sangria Pitcher,79,4.8,684,Jose Luis Mediterranean Cuisine,https://www.google.com/maps/place/?q=place_id:ChIJD3o0w4JZwokR-WlDg3eOg0I,"186 Avenue B, New York, NY 10009","People say this Mediterranean restaurant serves delicious paella, tapas, and grilled octopus. They highlight the great happy hour deals, strong drinks, and lively patio. They also like the friendly and welcoming service.",pulsd.com/new-york/promotions/jose-luis-nyc-dinner-restaurant
$65 3Crs Dinner For Two Cocktails/Wine/Beer,65,4.8,54,Norimen,https://www.google.com/maps/place/?q=place_id:ChIJy46hSq9bwokRFSDdaz0YmV0,"24 Elizabeth Street, New York, NY 10013","People say this Korean restaurant serves delicious tteok-galbi, donkatsu, and Korean fried chicken, along with fresh and healthy side dishes. They highlight the generous portions, reasonable prices, and the authentic, intimate, and modern atmosphere. They also like the friendly, attentive, and professional service.",pulsd.com/new-york/promotions/norimen-dinner-restaurant-nyc
$59 2 Course Hot Pot Dinner For 2 + Cocktails,59,4.8,496,Mala Hot Pot,https://www.google.com/maps/place/?q=place_id:ChIJU_jf_XxZwokRGPLWEYVWR7w,"35 W 36th Street, New York, NY 10018","People say this hot pot restaurant offers fresh ingredients, a variety of meats, and flavorful broths, including a spicy mala broth. They highlight the reasonable prices and clean, modern atmosphere. They also like the attentive and helpful service.",pulsd.com/new-york/promotions/mala-hot-pot-dinner-restaurant-nyc
"$59 3Crs Dinner For 2 w Wine Bottle,Cocktails",59,4.8,240,Chez Messy,https://www.google.com/maps/place/?q=place_id:ChIJOc6gA9X3wokRu5v-fpKFkBs,"5 Edward M Morgan Place, New York, NY 10032","People say this cocktail bar offers delicious tapas, fresh cocktails, and a standout bone marrow dish. They highlight the cozy, intimate vibe, and the excellent live music. They also like the attentive and friendly service.",pulsd.com/new-york/promotions/chez-messy-dinner-restaurant-nyc
$49: 3 Course Dinner For Two & Wine Bottle,49,4.8,75,Barkada Social Club,https://www.google.com/maps/place/?q=place_id:ChIJT1BhMQpfwokRi3rOsB0QErg,"33-05 Broadway, Astoria, NY 11106","People say this restaurant serves delicious Filipino fusion cuisine, including dynamite, kare kare, and flan. They highlight the great drinks, fun karaoke, and lively atmosphere. They also like the attentive and friendly service.",pulsd.com/new-york/promotions/barkada-social-club-dinner-restaurant-nyc
"$49: 3 Course Dinner For Two w Wines, Beers",49,4.8,888,Tipsy Shanghai,https://www.google.com/maps/place/?q=place_id:ChIJOUMIx-9ZwokRNkHZdwJGR5I,"104 2nd Avenue, New York, NY 10003","People say this Chinese restaurant serves delicious and authentic Shanghainese food, including soup dumplings, pan-fried pork buns, and Wuxi pork ribs. They highlight the reasonable prices, cozy and vibey atmosphere, and quick service. They also like the friendly and attentive staff.",pulsd.com/new-york/promotions/tipsy-shanghai-east-village-dinner-restaurant-nyc
$19 Top Shelf Distillery Tour & Tasting,19,4.8,378,Kings County Distillery,https://www.google.com/maps/place/?q=place_id:ChIJbe26PclbwokRfrb6lAnTB30,"299 Sands Street, Brooklyn, NY 11205",,pulsd.com/new-york/promotions/kings-county-distillery-top-shelf-whiskey-tasting-tour-nyc
20Crs Omakase w 2Hrs Bottomless Sake For Two,,4.7,85,Kiwami,https://www.google.com/maps/place/?q=place_id:ChIJeb_vSCRbwokRVIzbficpCeQ,"141 Bridge Park Drive, Brooklyn, NY 11201","People say this Japanese restaurant offers delicious omakase and fresh, high-quality sushi. They highlight the beautiful interior, authentic atmosphere, and attentive service. They also like the ocean view and the chef's passion.",pulsd.com/new-york/promotions/kiwami-omakase-dinner-restaurant-nyc
"$129 Champagne Afternoon Tea For Two, Tribeca",129,4.7,59,Warren Street Hotel,https://www.google.com/maps/place/?q=place_id:ChIJM_E9jHdbwokRol-zqevjY1o,"86 Warren Street, New York, NY 10007","People say this hotel offers gorgeous rooms with exquisite decor and attention to detail. They highlight the luxurious and inviting atmosphere, and the quiet comfort of the rooms. They also like the helpful and attentive staff.",pulsd.com/new-york/promotions/warren-street-hotel-nyc-afternoon-tea
"$99 3 Course Dinner For 2 & Cocktails, Wines",99,4.7,587,Nar Restaurant,https://www.google.com/maps/place/?q=place_id:ChIJ8R5wA4RZwokRVizBFaqM9EA,"34 E 20th Street, New York, NY 10003","People say this Turkish restaurant serves delicious and authentic dishes, including kebabs, manti, and mezze. They highlight the romantic and elegant atmosphere, and the attentive and friendly service. They also like the stylish presentation of the food and the excellent cocktails.",pulsd.com/new-york/promotions/nar-restaurant-dinner-nyc
$89 2 Course Dinner For 2 w Cocktails & Shots,89,4.7,331,Wonderland,https://www.google.com/maps/place/?q=place_id:ChIJsctiAgBZwokRRPidYZS6VzQ,"96 2nd Avenue, New York, NY 10003","People say this Asian fusion restaurant offers creative drinks with exciting presentations, and delicious truffle fries and chicken sliders. They highlight the magical and whimsical atmosphere, and the fun, unique experience with a magic show. They also like the friendly and attentive staff.",pulsd.com/new-york/promotions/wonderland-dinner-restaurant-nyc
$69 3 Crs Dinner For 2 & Wine/Cocktails,69,4.7,3673,Amor Loco,https://www.google.com/maps/place/?q=place_id:ChIJ3ej3nFVYwokRzAPIjwtNjg4,"134 W 46th Street, New York, NY 10036","People say this Mexican restaurant serves delicious octopus tacos, birria tacos, and surf and turf burritos. They highlight the fun, lively atmosphere, and the great cocktails, especially the margaritas and palomas. They also like the attentive and friendly staff.",pulsd.com/new-york/promotions/amor-loco-dinner-nyc
$69: 3 Crs Dinner + Cocktails + Comedy Show,69,4.7,86,Ways & Means,https://www.google.com/maps/place/?q=place_id:ChIJHzLX85FZwokRxM9KZpgq6Qk,"167 Bleecker Street, New York, NY, 10012","People say this restaurant offers a great bottomless brunch with a variety of options, as well as good margaritas and mimosas. They highlight the affordable prices and generous portions. They also like the chill vibe and friendly staff.",pulsd.com/new-york/promotions/ways-and-means-dinner-restaurant-comedy-show-nyc--2
"$59 3Crs Dinner For 2 & Cocktails, Wines",59,4.7,318,Good Thanks,https://www.google.com/maps/place/?q=place_id:ChIJYzGsnstZwokRkcK34hMLbV0,"374 Graham Avenue, Brooklyn, NY 11211","People say this Australian restaurant serves delicious avocado toast, banana bread, and shrimp burgers. They highlight the generous portions, great happy hour deals, and cozy, welcoming atmosphere. They also like the friendly and attentive service.",pulsd.com/new-york/promotions/good-thanks-dinner-restaurant-nyc
"$49 AYCE & Bottomless Dinner For Two, Chelsea",49,4.7,151,Yasubee Authentic Ramen,https://www.google.com/maps/place/?q=place_id:ChIJ-ZwZ2CZZwokRj0c3MfGp5ns,"253 W 26th Street, New York, NY 10001","People say this ramen restaurant serves delicious ramen, including spicy miso and shoyu, as well as pork katsu don, karaage, and gyoza. They highlight the fresh ingredients, generous portions, and affordable prices, and like the comfortable and welcoming atmosphere. They also mention the staff are friendly, attentive, and accommodating.",pulsd.com/new-york/promotions/yasubee-authentic-ramen-ayce-dinner-restaurant-nyc
"$49 Dinner For Two & Wine Bottle, Flatiron",49,4.7,129,John Devoy's,https://www.google.com/maps/place/?q=place_id:ChIJ8UqoBQBZwokR4_OGLJj9VPo,"377 Park Avenue South, New York, NY 10016","People say this bar offers delicious oysters, brunch options, and cocktails. They highlight the great value, especially the $1 oyster special and happy hour deals, and the lively, fun atmosphere. They also like the friendly and attentive staff.",pulsd.com/new-york/promotions/john-devoys-dinner-restaurant-nyc
$39 For A Dinner For Two & A Bottle Of Wine,39,4.7,1101,Tara Rose,https://www.google.com/maps/place/?q=place_id:ChIJpx_u6NZZwokR0gixoJrE5Ww,"384 3rd Avenue, New York, NY 10016","People say this cocktail bar offers fantastic food and drinks, including a variety of cocktails, a spice bag, and a sausage roll. They highlight the great happy hour deals, fun vibe, and the friendly and attentive staff. They also like the spacious layout, perfect for events and parties.",pulsd.com/new-york/promotions/tara-rose-nyc-dinner-restaurant
"$39 3 Course Dinner For Two & Drinks, Chelsea",39,4.7,151,Yasubee Authentic Ramen,https://www.google.com/maps/place/?q=place_id:ChIJ-ZwZ2CZZwokRj0c3MfGp5ns,"253 W 26th Street, New York, NY 10001","People say this ramen restaurant serves delicious ramen, including spicy miso and shoyu, as well as pork katsu don, karaage, and gyoza. They highlight the fresh ingredients, generous portions, and affordable prices, and like the comfortable and welcoming atmosphere. They also mention the staff are friendly, attentive, and accommodating.",pulsd.com/new-york/promotions/yasubee-authentic-ramen-dinner-restaurant-nyc
$29 Dinner For Two With Wines & Beers,29,4.7,788,Moustache,https://www.google.com/maps/place/?q=place_id:ChIJTX6hP5NZwokRKiSZMT3Q1lg,"29 7th Avenue South, New York, NY 10014","People say this restaurant serves delicious Lebanese food, including babaganoush, falafel, kebabs, and pitza. They highlight the fresh pita bread, flavorful dips like muhammara and labneh, and the cozy, welcoming atmosphere. They also like the friendly and attentive service.",pulsd.com/new-york/promotions/moustache-dinner-nyc
43% Off Hand-Rolled Truffle Making Classes,,4.6,187,Raaka Chocolate,https://www.google.com/maps/place/?q=place_id:ChIJFyq4ScFbwokRwMJWGE6ad1o,"64 Seabring Street, Brooklyn, NY 11231","People say this chocolate shop offers unique and delicious chocolate, and a variety of interesting and fun classes. They highlight the educational and engaging bean-to-bar chocolate making class, and the helpful staff. They also like the fair trade, single-origin chocolate with no fillers or garbage ingredients.",pulsd.com/new-york/promotions/raaka-chocolate-truffle-making-classes-nyc
College Football Playoff Party,,4.6,1273,SPiN Flatiron,https://www.google.com/maps/place/?q=place_id:ChIJmxlF1FNewokRpCNcaaavPWQ,"48 East 23rd Street, New York, NY","People say this restaurant offers delicious steak, appetizers, and cookies, and is a great place for a fun gathering with drinks, food, and music. They highlight the spacious layout, the availability of ping pong and other games, and the reasonable prices. They also like the friendly and accommodating staff.",pulsd.com/pulses/61313
Murray’s National Cheese Lover's Event,,4.6,1419,Murray's Cheese,https://www.google.com/maps/place/?q=place_id:ChIJuXvxrZNZwokR3XPZK9SvN-U,"254 Bleecker Street, New York, NY 10014","People say this cheese shop offers a diverse, fresh, and delicious selection of cheeses and accompaniments. They highlight the fair prices and the fun, relaxed vibe, especially during events like cheese-making classes. They also like the knowledgeable and helpful staff.",pulsd.com/pulses/61316
43% Off Chocolate Bar Making Classes,,4.6,187,Raaka Chocolate,https://www.google.com/maps/place/?q=place_id:ChIJFyq4ScFbwokRwMJWGE6ad1o,"64 Seabring Street, Brooklyn, NY 11231","People say this chocolate shop offers unique and delicious chocolate, and a variety of interesting and fun classes. They highlight the educational and engaging bean-to-bar chocolate making class, and the helpful staff. They also like the fair trade, single-origin chocolate with no fillers or garbage ingredients.",pulsd.com/new-york/promotions/raaka-chocolate-bar-making-classes-nyc
$149 16Crs Omakase Dinner For Two w Wine/Beer,149,4.6,129,Sushi Masu,https://www.google.com/maps/place/?q=place_id:ChIJBaxS1pVZwokRrlAgmAu4M48,"286 Columbus Avenue, New York, NY 10023","People say this sushi restaurant offers a delicious omakase with fresh, high-quality fish and unique flavors. They highlight the reasonable price for the number of courses and the authentic, unpretentious atmosphere. They also like the attentive and welcoming service.",pulsd.com/new-york/promotions/sushi-masu-omakase-dinner-restaurant-nyc
$89 3 Crs Omakase Dinner For 2 + Wines,89,4.6,807,Zutto Nolita,https://www.google.com/maps/place/?q=place_id:ChIJnURzHbFZwokRqnfhlkSEPbQ,"384 Broome Street, New York, NY 10013","People say this Japanese restaurant serves delicious tonkatsu ramen, fresh sushi, and flavorful appetizers like karaage and pork belly buns. They highlight the cozy and vibrant atmosphere, and the fast service. They also like the friendly and attentive staff.",pulsd.com/new-york/promotions/zutto-nolita-omakase-dinner-restaurant-nyc
$89 Omakase Sushi Dinner For 2 w Sake Carafe,89,4.6,706,SUteiShi,https://www.google.com/maps/place/?q=place_id:ChIJGxpCtzxawokRWS7MVDYfA8E,"24 Peck Slip, New York, NY 10038","People say this Japanese restaurant offers fresh and tasty sushi and sashimi, with plenty of yellowtail during restaurant week. They highlight the omakase and sashimi are prepared well, and the outdoor eating experience is lovely. They also like the friendly service and warm, quiet atmosphere.",pulsd.com/new-york/promotions/suteishi-dinner-restaurant-nyc
"$69 3Crs Dinner For 2 & Cocktails, Wine, Beer",69,4.6,244,Javitri,https://www.google.com/maps/place/?q=place_id:ChIJc-KD401ZwokR_wAYL4jLVCQ,"132 East 61st Street , New York, NY 10065","People say this Indian restaurant serves delicious butter chicken, chicken biryani, and jackfruit biryani. They highlight the authentic flavors, generous portions, and reasonable prices. They also like the cozy and elegant atmosphere, and the friendly and attentive staff.",pulsd.com/new-york/promotions/javitri-dinner-restaurant-nyc
$65 3Crs Dinner For 2 & Cocktails/Wines,65,4.6,266,Public House At Merrion Row Hotel,https://www.google.com/maps/place/?q=place_id:ChIJnfbJe1VYwokRclrtuzRUnOs,"119 W 45th Street, New York, NY 10036","People say this hotel offers clean and comfortable rooms, and a delicious breakfast. They highlight the convenient location near Times Square, and the friendly and helpful staff. They also like the quiet and sheltered atmosphere, despite the bustling location.",pulsd.com/new-york/promotions/public-house-at-merrion-row-hotel-dinner-restaurant-nyc
$59 3 Crs Dinner For 2 & Cocktails/Beers,59,4.6,538,Mayahuel,https://www.google.com/maps/place/?q=place_id:ChIJX3m3RoJfwokRKHEFUN8sMQI,"3207 34th Avenue, Queens, NY 11106","People say this Mexican restaurant serves delicious tacos, carne asada, and tres leches cake. They highlight the fresh guacamole, flavorful dishes, and authentic taste. They also like the cozy and welcoming atmosphere, and the friendly and attentive staff.",pulsd.com/new-york/promotions/mayahuel-dinner-restaurant-nyc
"$59: 3 Crs Dinner For 2 with Wines, W Village",59,4.6,357,Oscar's Place,https://www.google.com/maps/place/?q=place_id:ChIJYYVGLZNZwokRJGxEfwiqq4A,"466 Hudson Street , New York, NY 10014","People say this British restaurant serves delicious English breakfast, burgers, fish and chips, and beef stew. They highlight the cozy and chill atmosphere, and the attentive and efficient service. They also like the reasonable prices and generous portions.",pulsd.com/new-york/promotions/oscars-place-dinner-restaurant-nyc
"$59 3Hr Open Bar & Buffet Food Party, Chelsea",59,4.6,51134,Chelsea Market,https://www.google.com/maps/place/?q=place_id:ChIJw2lMFL9ZwokRosAtly52YX4,"75 9th Avenue, New York, NY","People say this market offers a wide variety of food options, including lobster rolls, tacos, sushi, and gelato, as well as shops selling clothing, gifts, and souvenirs. They highlight the lively and vibrant atmosphere, and the unique, industrial-chic vibe. They also like the friendly and helpful staff.",pulsd.com/new-york/promotions/dickson-s-farmstand-offally-good-food-chelsea-market-nyc
$49 Dinner For 2 & Wine Bottle/Cocktails,49,4.6,90,Boss Tweeds,https://www.google.com/maps/place/?q=place_id:ChIJw4uA_x9bwokRyR4yBROx_Pc,"41 Murray Street, New York, NY 10007","People say this cocktail bar offers delicious sandwiches, filet mignon, and short ribs. They highlight the generous portions, the quality of the food, and the interesting cocktail menu. They also like the classy atmosphere and attentive service.",pulsd.com/new-york/promotions/boss-tweeds-dinner-restaurant-tribeca-nyc
$49 Ice Cream Cocktail Mixology Classes,49,4.6,362,Tipsy Scoop Brooklyn,https://www.google.com/maps/place/?q=place_id:ChIJXeUvXoZZwokRe4fgXkTAlsU,"270 Metropolitan Avenue, Brooklyn, NY, 11211","Ice people say this ice cream shop serves up delicious boozy ice cream flights with flavors like Boozy Breakfast, Whiskey Dreams, and Mango Margarita Sorbet. They also highlight the friendly and helpful staff who offer samples and explain the origins of the business.",pulsd.com/new-york/promotions/tipsy-scoop-ice-cream-mixology-classes-nyc
$49 3 Hour Open Bar + Buffet Super Bowl Party,49,4.6,124,SPiN Midtown,https://www.google.com/maps/place/?q=place_id:ChIJCx3lDtZZwokR3HTb84fDE1s,"1626 Broadway, New York, NY 10019","People say this sports bar offers a fun experience with ping pong, giant Jenga, and other games, as well as a full-service bar and a variety of food options. They highlight the spacious layout, comfortable seating, and the lively, welcoming atmosphere. They also like the friendly and attentive staff.",pulsd.com/new-york/promotions/spin-midtown-super-bowl-2026-open-bar-buffet-party-nyc
$49 3 Hour Open Bar + Buffet Super Bowl Party,49,4.6,1273,SPiN Flatiron,https://www.google.com/maps/place/?q=place_id:ChIJmxlF1FNewokRpCNcaaavPWQ,"48 East 23rd Street, New York, NY","People say this restaurant offers delicious steak, appetizers, and cookies, and is a great place for a fun gathering with drinks, food, and music. They highlight the spacious layout, the availability of ping pong and other games, and the reasonable prices. They also like the friendly and accommodating staff.",pulsd.com/new-york/promotions/spin-flatiron-open-bar-buffet-super-bowl-lx-party-nyc
"$48 Afternoon High Tea For Two, Tribeca",48,4.6,230,Cafe Atelier,https://www.google.com/maps/place/?q=place_id:ChIJMdeI3ihZwokRT6vUi5QaFjQ,"112 Hudson Street, New York, NY 10013","People say this coffee shop offers delicious coffee, matcha lattes, and croissants. They highlight the charming floral ambiance and the unique, creative drink menu. They also like the friendly staff.",pulsd.com/new-york/promotions/cafe-atelier-afternoon-high-tea-tribeca-nyc
$39 Dinner For Two With Cocktails/Wines,39,4.6,298,The Laurels,https://www.google.com/maps/place/?q=place_id:ChIJmX3EiBBZwokRCz5O-6__5E0,"231 2nd Avenue, New York, NY 10003","People say this bar offers a delicious brunch with dishes like biscuits and gravy, and bottomless electrolyte mimosas. They highlight the fun and cozy atmosphere, and the friendly and accommodating staff. They also like the quick service and the availability of discounts and deals.",pulsd.com/new-york/promotions/the-laurels-dinner-restaurant-gramercy-nyc
"$39 Dinner For Two & Wine Bottle, DUMBO",39,4.6,907,Em Vietnamese Bistro,https://www.google.com/maps/place/?q=place_id:ChIJDQJJHAtbwokR6Ljf1I9DUFA,"57 Front Street, Brooklyn, NY 11201","Diners say this Vietnamese restaurant serves up delicious spring rolls, chicken wings, and beef pho. They also highlight the friendly and attentive staff, and the cozy and inviting atmosphere.

Some reviews mention the service can be indifferent.",pulsd.com/new-york/promotions/em-vietnamese-bistro-dinner-restaurant-nyc
$35 Wine Bottle & Cheese Experience For 2,35,4.6,230,Cafe Atelier,https://www.google.com/maps/place/?q=place_id:ChIJMdeI3ihZwokRT6vUi5QaFjQ,"112 Hudson Street, New York, NY 10013","People say this coffee shop offers delicious coffee, matcha lattes, and croissants. They highlight the charming floral ambiance and the unique, creative drink menu. They also like the friendly staff.",pulsd.com/new-york/promotions/cafe-atelier-wine-cheese-experience-nyc
$29 Tix: 2 Hour Cabernet Franc Wine Festival,29,4.6,158,Prince George Ballroom,https://www.google.com/maps/place/?q=place_id:ChIJD0S3UKZZwokRKh3xy-7hpa0,"15 East 27th Street, New York, NY",,pulsd.com/new-york/promotions/the-cab-franc-forward-new-york-wine-tasting-nyc
"$29 LES Dinner For 2 & Cocktails,Wines,Beers",29,4.6,231,The Mayfly,https://www.google.com/maps/place/?q=place_id:ChIJWYuVOE5ZwokRXm292tXw5cM,"269 E Houston Street, New York, NY 10002","People say this bar offers delicious food, including wings, truffle fries, and flatbreads, and a variety of cocktails, including a Last Word. They highlight the fun atmosphere, great deals, especially during happy hour, and the comfortable space. They also like the friendly and accommodating staff.",pulsd.com/new-york/promotions/the-mayfly-restaurant-dinner-lower-east-side-nyc
$29 Boozy Sundae Making Class,29,4.6,1662,Tipsy Scoop Manhattan,https://www.google.com/maps/place/?q=place_id:ChIJF4SEq5hZwokR5qUZkP7dymw,"217 E 26th Street, New York, NY 10010","Ice people say this ice cream shop offers unique flavors like bourbon, whiskey, and Mexican hot chocolate with tequila, alongside more traditional options like cherry cheesecake. They also highlight the friendly and helpful staff, and the massive portions.",pulsd.com/new-york/promotions/tipsy-scoop-boozy-ice-cream-sundae-decorating-classes-nyc
$25 2 Course Sushi Experience for Two,25,4.6,270,MakiMaki,https://www.google.com/maps/place/?q=place_id:ChIJga1VXbxZwokRcZUivapDujA,"360 Lexington Avenue, New York, NY 10017","People say this sushi restaurant offers fresh hand rolls, maki, and a lunch special. They highlight the reasonable prices, convenient location, and clean, chic atmosphere. They also like the friendly and helpful staff, and the fast service.",pulsd.com/new-york/promotions/makimaki-sushi-nyc
6Crs Fine Dining Dinner Bus Tour Around NYC,,4.5,61,Bustronome,https://www.google.com/maps/place/?q=place_id:ChIJRzstD_pYwokRQP9KCtKm3kI,"988 8th Avenue, New York, NY 10019","People say this restaurant offers a unique dining experience with delicious food and stunning views of New York City landmarks. They highlight the memorable and romantic atmosphere, and the attentive and friendly service. They also like the smooth and enjoyable experience from start to finish.",pulsd.com/new-york/promotions/bustronome-fine-dining-bus-tour-nyc
$109: 3 Course Dinner + Murder Mystery Show,109,4.5,18394,Carmine's,https://www.google.com/maps/place/?q=place_id:ChIJR9So-lRYwokRX1xEjA0rChA,"200 W 44th Street, New York, NY 10036","People say this Italian restaurant serves delicious dishes like chicken parm, lasagna, and penne alla vodka. They highlight the generous, family-style portions, making it ideal for large groups, and the classic, old-school Italian atmosphere. They also like the friendly and attentive service.",pulsd.com/new-york/promotions/carmines-dinner-restaurant-nyc
"$99 Chic Afternoon Tea for Two, NoMad",99,4.5,164,Sahola Cafe,https://www.google.com/maps/place/?q=place_id:ChIJ4cctNm1ZwokRYqm7SgdbQaw,"108 E 31st Street, New York, NY 10016","People say this coffee shop offers delicious lattes, cappuccinos, and pastries, including croissants and apple strudel. They highlight the cozy and charming atmosphere, with unique floral decor and a peaceful patio, perfect for reading, working, or meeting up with friends. They also like the friendly and welcoming staff.",pulsd.com/new-york/promotions/sahola-cafe-afternoon-tea-nyc
"$85: 3 Course Dinner For 2 & Cocktails, Wines",85,4.5,790,Yara,https://www.google.com/maps/place/?q=place_id:ChIJa1nQ3RpZwokRVfXEWiUopRc,"319 E 53rd Street, New York, NY 10022","People say this Mediterranean restaurant serves delicious and authentic Lebanese food, including flavorful filet mignon, mixed grill, and falafel. They highlight the generous portion sizes, fresh ingredients, and the beautiful, modern atmosphere, perfect for large groups and celebrations. They also like the friendly and attentive service.",pulsd.com/new-york/promotions/yara-dinner-restaurant-nyc
$79: 3 Course Dinner For Two + Wine Bottle,79,4.5,526,Alison,https://www.google.com/maps/place/?q=place_id:ChIJ05f_AZ_3wokRYDq3ytLPLew,"1651 Lexington Avenue, New York, NY 10029","People say this American restaurant serves delicious dishes, including steak, pastries, pizza, and a variety of brunch options. They highlight the good vibes, relaxed atmosphere, and fair prices. They also like the attentive service.",pulsd.com/new-york/promotions/alison-nyc-dinner-restaurant
"$79 3 Course Dinner For Two w Cocktails, Wine",79,4.5,369,Joseph's Restaurant,https://www.google.com/maps/place/?q=place_id:ChIJST0cgRZawokRNvJv5mhG57E,"3 Hanover Square, New York, NY 10004","People say this Northern Italian restaurant serves delicious hangar steak, tricolori salad, and chicken martini. They highlight the fresh, flavorful, and perfectly prepared food, and the beautiful, quaint, and cozy atmosphere. They also like the attentive, helpful, and friendly service.",pulsd.com/new-york/promotions/josephs-restaurant-dinner-nyc
$79 3 Course Dinner For 2 & Wines/Beers,79,4.5,1937,Farida,https://www.google.com/maps/place/?q=place_id:ChIJT6iakMdbwokRr7eIzot7L5Y,"32 Cedar Street, New York City, NY 10005","People say this restaurant serves delicious Uzbek, Kazakh, and Central Asian cuisine, including plov, shashlyk, and manti. They highlight the authentic and flavorful dishes, and the generous portions. They also like the cozy and colorful atmosphere, and the friendly and attentive service.",pulsd.com/new-york/promotions/farida-dinner-restaurant-nyc
$75: 3 Course Dinner For Two & Bottle Of Wine,75,4.5,657,Kaia Restaurant & Wine Bar,https://www.google.com/maps/place/?q=place_id:ChIJ_WXu66RYwokRAGIvfYW8fYk,"1614 3rd Avenue, New York, NY 10128","People say this wine bar offers a great selection of South African wines and delicious food, including sliders, entrees, and desserts. They highlight the relaxed vibe, perfect for a leisurely drink and/or meal, and the excellent happy hour deals. They also like the friendly and informative service.",pulsd.com/new-york/promotions/best-south-african-restaurant-kaia-nyc
$69 3Crs Dinner For 2 & Cocktails/Wines,69,4.5,288,Old Fashion Cafe,https://www.google.com/maps/place/?q=place_id:ChIJwSslRhxZwokRBLkPiFyDWHM,"110 Thompson Street, New York, NY 10012","People say this Italian restaurant serves delicious omelets, avocado toast, and hamburgers. They highlight the cozy and intimate atmosphere, and the good drinks and music. They also like the attentive and efficient service.",pulsd.com/new-york/promotions/old-fashion-cafe-dinner-restaurant-nyc
$59 3 Course Dinner for 2 & Carafe of Wine,59,4.5,1989,Lunella,https://www.google.com/maps/place/?q=place_id:ChIJCcDXV4hZwokRhHninUj94_o,"173 Mulberry Street, New York, NY 10013","Diners say this Italian restaurant serves up delicious and authentic Italian food, including ravioli, spaghetti and meatballs, and fettuccine Alfredo. They also highlight the friendly and attentive service, and the charming and welcoming atmosphere.

Some reviews mention the staff can be impolite.",pulsd.com/new-york/promotions/lunella-dinner-nyc
$59: 3 Course Dinner For Two & Wine Bottle,59,4.5,1168,CZEN Restaurant,https://www.google.com/maps/place/?q=place_id:ChIJXV940sNdwokR7Z56ISzYiiQ,"4410 Avenue H, Brooklyn, NY 11234","People say this Asian fusion restaurant serves delicious oxtail dumplings, sushi rolls, and jerk chicken with udon. They highlight the food is worth the price and the music creates a lively vibe. They also like the attentive and friendly staff.",pulsd.com/new-york/promotions/czen-restaurant-dinner-restaurant-nyc
$49: 90Min AYCE Tacos & Bottomless Drinks,49,4.5,373,Ms Yoo,https://www.google.com/maps/place/?q=place_id:ChIJsVxkpoZZwokR74R22Gc7cSY,"163 Allen Street, New York, NY 10002","People say this cocktail bar offers delicious drinks and tasty food. They highlight the fun and lively vibe, and the friendly, flexible, and attentive staff. They also like the smooth transition from dinner to late-night with a DJ.",pulsd.com/new-york/promotions/ms-yoo-all-you-can-eat-bottomless-taco-thursdays-dinner
$49 2Crs Dinner For 2 + Wines/Beers/Sake,49,4.5,406,The Corner Chinese Restaurant,https://www.google.com/maps/place/?q=place_id:ChIJiZBX0X9ZwokRgzMHGknAlPs,"698 9th Avenue, New York, NY 10036","People say this Chinese restaurant serves delicious sesame chicken, wonton soup, and eggplant. They also highlight the generous portions, reasonable prices, and clean, cozy atmosphere.

Other reviews mention the food can be overcooked.",pulsd.com/new-york/promotions/the-corner-chinese-restaurant-dinner-nyc
$49 Dinner For Two & A Bottle of Wine,49,4.5,247,Pizzette,https://www.google.com/maps/place/?q=place_id:ChIJk9gLf75bwokRI2fQO4j603s,"191 Graham Avenue, Brooklyn, NY 11206","People say this Italian restaurant serves delicious pizza, pasta, and house-made burrata. They highlight the fun, bright, and intimate vibe, and the strong, balanced drinks. They also like the friendly and attentive service.",pulsd.com/new-york/promotions/pizzette-dinner-nyc
$49 Dinner For Two With 4 Cocktails,49,4.5,958,Fusion HK,https://www.google.com/maps/place/?q=place_id:ChIJ5cyRrlFYwokRFTRhsMQzm-E,"688 10th Avenue, New York, NY 10019","People say this bar and grill serves delicious ceviche, arroz chaufa, and tacos, and offers a variety of drinks, including margaritas and pisco sours. They highlight the generous portions, good value, and fun vibes with cactus margarita glasses and large drink options. They also like the friendly and attentive staff, and the excellent service.",pulsd.com/new-york/promotions/fusion-hk-hells-kitchen-nyc
"$39 3 Course Dinner for Two With Wines, Beers",39,4.5,1341,Bombay Grill House,https://www.google.com/maps/place/?q=place_id:ChIJKTBsN1dYwokRVtIJyHOh84Y,"764 9th Avenue, New York, NY 10019","People say this Indian restaurant serves delicious chicken tikka masala, naan, and lamb biryani. They highlight the reasonable prices and fun neighborhood. They also like the friendly and attentive staff.",pulsd.com/new-york/promotions/bombay-grill-house-dinner-restaurant-nyc
$39 Dinner For 2 & Bottle Of Wine,39,4.5,188,Kaskade,https://www.google.com/maps/place/?q=place_id:ChIJh9x07Z1ZwokRGx3DlP1b35o,"123 Greenpoint Avenue, Brooklyn, NY 11222",,pulsd.com/new-york/promotions/kaskade-dinner-nyc
"$29 Dinner For 2 + Wines/Beers, Flatiron",29,4.5,365,Wok In The Clouds,https://www.google.com/maps/place/?q=place_id:ChIJi0SOSF1ZwokRm5r1egtKNaE,"127 E 28th Street, New York, NY 10016","Diners say this modern Indian restaurant serves up delicious Indo-Chinese fusion dishes, including chili paneer, chicken tikka momos, and pan-fried noodles with veg curry. They also highlight the friendly and efficient service, the reasonable prices, and the great value for money.

Some reviews mention the food can be bland.",pulsd.com/new-york/promotions/wok-in-the-clouds-dinner-restaurant-nyc
40% Off 4 Crs Dinner For Two w Cocktails/Wine,,4.4,1770,Ai Fiori,https://www.google.com/maps/place/?q=place_id:ChIJMYIE-KlZwokRZuFHn8jkNuo,"400 5th Avenue, New York, NY 10018","People say this restaurant serves delicious food, including lobster bisque, squid ink pasta, and duck. They also highlight the attentive service and nice atmosphere.

Other reviews mention the portions can be small.",pulsd.com/new-york/promotions/ai-fiori-dinner-restaurant-nyc
7Crs Tasting Dinner Experience For 2 & Drinks,,4.4,655,KYU NYC,https://www.google.com/maps/place/?q=place_id:ChIJRUXf9uBZwokR9WS3NBhSjYk,"324 Lafayette Street , New York, NY 10012,","People say this Asian restaurant serves delicious Korean fried chicken, tuna crispy rice, and short rib. They also highlight the attentive staff, aesthetic bar, and cozy ambiance.

Other reviews mention the food can be overpriced.",pulsd.com/new-york/promotions/kyu-tasting-dinner-experience-restaurant-nyc
"15 Crs Omakase For 2 & Cocktails, Wine, Beer",,4.4,248,Shirokuro,https://www.google.com/maps/place/?q=place_id:ChIJY-AxVQBZwokRQa-hQDzy7o0,"103 2nd Avenue, New York, NY 10003","Diners say this Japanese restaurant serves up delicious omakase, with many raving about the fresh sushi, especially the eel rolls and uni sushi. They also highlight the unique and immersive 2D black-and-white design, making it feel like stepping into a living piece of art.",pulsd.com/new-york/promotions/shirokuro-omakase-dinner-restaurant-nyc
Sauce Revival x Pop Up Grocer,,4.4,127,Pop Up Grocer,https://www.google.com/maps/place/?q=place_id:ChIJIfy3E_5ZwokR6VMeMTpcAmQ,"205 Bleecker Street, New York, NY 10012","People say this grocery store offers a variety of unique, local, and new brands, as well as a mini café serving coffee and matcha. They also highlight the fun and interesting products, and the kind and helpful staff.

Other reviews mention the prices can be high.",pulsd.com/pulses/61237
"$99: 3 Course Dinner For 2 w Cocktails, Wines",99,4.4,655,KYU NYC,https://www.google.com/maps/place/?q=place_id:ChIJRUXf9uBZwokR9WS3NBhSjYk,"324 Lafayette Street , New York, NY 10012,","People say this Asian restaurant serves delicious Korean fried chicken, tuna crispy rice, and short rib. They also highlight the attentive staff, aesthetic bar, and cozy ambiance.

Other reviews mention the food can be overpriced.",pulsd.com/new-york/promotions/kyu-dinner-restaurant-nyc
"$89: 3 Course Dinner For 2 w Cocktails, Wines",89,4.4,84,The Otter,https://www.google.com/maps/place/?q=place_id:ChIJl5_OCABZwokRkvjEfEkyuZo,"58 Thompson Street , New York, NY 10012","People say this seafood restaurant serves delicious seafood platters, scallops, swordfish steak, and burgers. They highlight the fresh ingredients, complex flavors, and innovative dishes, as well as the cozy and stylish atmosphere. They also like the attentive and friendly service.",pulsd.com/new-york/promotions/the-otter-dinner-restaurant-soho-nyc
"$89 3 Course Dinner For Two & Cocktails, Wine",89,4.4,690,Kahlo,https://www.google.com/maps/place/?q=place_id:ChIJyQrN22VbwokRkPPkgVB6K-I,"525 West 29th Street, New York, NY 10001","People say this Mexican restaurant serves delicious and creative dishes, including tacos, guacamole, and branzino. They also highlight the beautiful and cozy atmosphere, and the friendly and attentive staff.

Other reviews mention the portions can be small.",pulsd.com/new-york/promotions/kahlo-dinner-restaurant-chelsea-nyc
$79 3Crs Dinner For Two & Bottle Of Wine,79,4.4,774,Ocabanon,https://www.google.com/maps/place/?q=place_id:ChIJnYSJ169ZwokRiH0bzxxTYWM,"245 West 29th Street, New York, NY 10001",,pulsd.com/new-york/promotions/ocabanon-chelsea-restaurant-dinner-nyc
$79 3 Course Dinner For 2 w A Bottle of Wine,79,4.4,54,Alison Downtown,https://www.google.com/maps/place/?q=place_id:ChIJbTFSIKpZwokRpLi30Y22b3U,"110 St Marks Place, New York, New York 10009","People say this bistro offers delicious oysters, chicken sliders, burgers, and fried calamari. They highlight the relaxed atmosphere, quick service, and generous portions. They also like the friendly and attentive staff.",pulsd.com/new-york/promotions/alison-east-village-dinner-restaurant-nyc
"$79 3Crs Dinner For 2 with Cocktails, & Wines",79,4.4,406,Rebèl Restaurant,https://www.google.com/maps/place/?q=place_id:ChIJSWsAjQlZwokRVLOHE_VU724,"29 Clinton Street, New York, NY 10002","Diners say this Haitian restaurant serves up delicious mussels, legume with shrimp, sos pwa, and herring. They also highlight the great music, clean atmosphere, and excellent customer service.

Some reviews mention the food can be overpriced.",pulsd.com/new-york/promotions/rebel-dinner-restaurant-nyc
"$69: 3 Course Dinner For 2 w Cocktails, Wines",69,4.4,671,Barano,https://www.google.com/maps/place/?q=place_id:ChIJ3_aKBdlbwokRB4MzhiifcfE,"26 Broadway, Brooklyn, NY 11249","People say this Italian restaurant serves delicious pasta, pizza, and meatballs. They also highlight the cozy and romantic atmosphere, and the friendly and attentive service.

Some reviews mention there can be long wait times.",pulsd.com/new-york/promotions/barano-dinner-restaurant-williamsburg-nyc
"$69 3 Course Dinner For Two with Wines, Beers",69,4.4,1248,Amarone Restaurant,https://www.google.com/maps/place/?q=place_id:ChIJSXK5RFFYwokR0FRZOB_pvDg,"686 9th Avenue , New York, NY 10036","Diners say this Italian restaurant serves up delicious pasta dishes, spinach tortellini, and a standout pear dessert. They also highlight the friendly and attentive service, and the reasonable prices.

Some reviews mention the calamari can be overcooked.",pulsd.com/new-york/promotions/amarone-restaurant-dinner-nyc
"$69 3Crs Dinner For 2 w Wine/Cocktails, Music",69,4.4,108,Au Bar 56,https://www.google.com/maps/place/?q=place_id:ChIJoQZ9QABZwokRAV-9s9mE0oA,"235 W 56th Street, New York, NY 10019","People say this restaurant offers delicious cocktails, including an espresso martini, and a variety of appetizers. They also highlight the intimate and cozy atmosphere, the live music, and the friendly and attentive service.

Other reviews mention the food can be overpriced.",pulsd.com/new-york/promotions/au-bar-56-dinner-restaurant-nyc
$69 3Crs Dinner For 2 & Cocktails/Wines,69,4.4,598,Biricchino,https://www.google.com/maps/place/?q=place_id:ChIJr0oZMbBZwokRoHkeDJOY__M,"260 W 29th Street , New York, NY 10001","Diners say this Italian restaurant serves up delicious pasta, including the pappardelle pasta funghi, and breaded chicken with arugula. They also highlight the friendly and helpful staff, and the cozy and welcoming atmosphere.

Some reviews mention the service can be slow.",pulsd.com/new-york/promotions/biricchino-dinner-restaurant-nyc
"$69 MichelinGuide 3Crs Dinner For2, Wine",69,4.4,2314,Il Cortile,https://www.google.com/maps/place/?q=place_id:ChIJOQ8A1IlZwokRd4ZMRvOMQ3o,"125 Mulberry Street, New York, NY 10013","Diners say this Italian restaurant serves up delicious tiramisu, eggplant parmigiana, and cheese ravioli, and they praise the beautiful back atrium and outdoor seating. They also highlight the friendly and attentive service, and the romantic and inviting atmosphere.

Some reviews mention the food can be overpriced.",pulsd.com/new-york/promotions/il-cortile-dinner-nyc
$59 3 Course Hibachi Dinner For 2 + Cocktails,59,4.4,578,Flame Hibachi,https://www.google.com/maps/place/?q=place_id:ChIJyTuavAlZwokRVX4Av-8RbJ8,"381 3rd Avenue, New York, NY","People say this Japanese restaurant offers delicious hibachi, sushi, and dumplings. They also highlight the fun and entertaining atmosphere, and the friendly and attentive service.

Other reviews mention the food can be salty.",pulsd.com/new-york/promotions/flame-hibachi-dinner-restaurant-nyc
$49 3 Course Michelin Chef Dinner For 2,49,4.4,1509,Saar,https://www.google.com/maps/place/?q=place_id:ChIJr-ldS1ZYwokR1UaVyDZ15I8,"241 W 51st Street, New York, NY 10019","People say this Indian restaurant offers delicious butter chicken, chicken korma, and garlic naan. They also highlight the attentive staff, fast service, and modern decor.

Other reviews mention the food can be overpriced.",pulsd.com/new-york/promotions/saar-restaurant-michelin-chef-dinner-nyc
"$49 3 Course Dinner For 2 + Cocktails, Wine",49,4.4,465,Beebe's,https://www.google.com/maps/place/?q=place_id:ChIJE9RWrjJZwokRu1p8PaPuBvs,"38-28 27th Street, Queens, NY 11101","People say this pizza restaurant serves delicious pizza, including the Campfire and Margherita pizzas, and pepperoni chips. They also highlight the friendly and accommodating staff, and the chill and calm vibe with nice music.

Other reviews mention the service can be slow.",pulsd.com/new-york/promotions/beebes-boro-hotel-dinner-restaurant-nyc
$49 2 5-Star Dinner For 2 & Wine Bottle,49,4.4,881,Adoro Lei,https://www.google.com/maps/place/?q=place_id:ChIJ52zVPfNZwokRmHrrJBCTr6Q,"287 Hudson Street, New York, NY 10013","People say this pizza restaurant offers a fun, hands-on pizza-making experience and delicious pizzas. They also highlight the lively, energetic atmosphere, and the friendly, attentive service.

Other reviews mention the food can be overpriced.",pulsd.com/new-york/promotions/adoro-lei-dinner-nyc
$49 Chef's Tasting For 2 w A Bottle Of Wine,49,4.4,989,Madam Ji Ki Shaadi,https://www.google.com/maps/place/?q=place_id:ChIJVW-L45FZwokRjQ6Hizt0OdQ,"154 Bleecker Street , New York, NY 10012","Diners say this Indian restaurant serves up delicious lamb burgers, Chole Bhature, and Pav Bhaji sliders, and they praise the bottomless brunch cocktails. They also highlight the attentive and friendly service, and the lively and enjoyable atmosphere with Bollywood music.

Some reviews mention the prices can be high.",pulsd.com/new-york/promotions/madam-ji-dinner-nyc
$45 Charming Dinner For Two & Wine Bottle,45,4.4,408,Jane Doe,https://www.google.com/maps/place/?q=place_id:ChIJMT4J9YxZwokRdsL4E3FCm4o,"12 West 44th St, New York, NY. 10036","People say this bar offers delicious oysters, inventive cocktails, and a variety of other dishes, including sliders, tacos, and lobster mac and cheese. They also highlight the great happy hour deals, reasonable prices, and charming, elegant atmosphere.

Other reviews mention the service can be slow.",pulsd.com/new-york/promotions/jane-doe-dinner-nyc
$39 Upper East Side Oysters & Martinis For 2,39,4.4,391,FESTIVÁL,https://www.google.com/maps/place/?q=place_id:ChIJjW7JHelZwokRnkEk29yKZHE,"1155 2nd Avenue, New York, NY 10065","Diners say this new American restaurant serves up delicious burgers, oysters, and espresso martinis. They also highlight the friendly staff, great service, and cozy, eclectic vibes.

Some reviews mention the prices can be high.",pulsd.com/new-york/promotions/festival-oysters-martini-restaurant-upper-east-side-nyc
$39 Oysters & Wine Experience For Two,39,4.4,54,Alison Downtown,https://www.google.com/maps/place/?q=place_id:ChIJbTFSIKpZwokRpLi30Y22b3U,"110 St Marks Place, New York, New York 10009","People say this bistro offers delicious oysters, chicken sliders, burgers, and fried calamari. They highlight the relaxed atmosphere, quick service, and generous portions. They also like the friendly and attentive staff.",pulsd.com/new-york/promotions/alison-east-village-oysters-wine-nyc
$29 Dinner For Two & A Bottle of Wine,29,4.4,528,Ghandi Cafe,https://www.google.com/maps/place/?q=place_id:ChIJPSWvoZNZwokR4W1QrECFXSQ,"283 Bleecker Street, New York, NY 10014","People say this Indian restaurant serves delicious dishes like samosa chaat, chicken tikka masala, and lamb biryani. They also highlight the great value, the friendly and attentive service, and the charming, casual atmosphere.

Some reviews mention the portions can be small.",pulsd.com/new-york/promotions/ghandi-cafe-restaurant-dinner-nyc
29% Off 5Crs Dinner Yacht Cruise + Wines/Beer,,4.3,8571,Pier 36,https://www.google.com/maps/place/?q=place_id:ChIJmX1RgixawokR8Hm_owhnErQ,"299 South St, New York, NY 10002","People say this event venue offers a variety of boat rides, including cruises to see the Statue of Liberty, and hosts events like art expos and boat parties. They also highlight the great views of the city skyline, the fun and lively atmosphere, and the attentive staff on the boats.

Other reviews mention the food can be disappointing.",pulsd.com/new-york/promotions/nyc-water-cruises-dinner-cruise-nyc
$79: 3 Course Dinner For Two & Bottle Of Wine,79,4.3,645,Tio Pepe,https://www.google.com/maps/place/?q=place_id:ChIJ06Eo6ZNZwokR_ngr5nAD7do,"168 West 4th Street, New York, NY 10014",,pulsd.com/new-york/promotions/tio-pepe-dinner-restaurant-greenwich-village-nyc
"$79 3 Course Dinner For Two w Cocktails, Wine",79,4.3,617,DK Restaurant,https://www.google.com/maps/place/?q=place_id:ChIJ7cFMaqxZwokRiwwuIFN8pbA,"207 W 36th Street, New York, NY 10018","People say this steakhouse serves delicious porterhouse, ribeye, and tomahawk steaks, as well as seafood options like shrimp cocktail and scallops. They also highlight the friendly and welcoming staff, the attentive service, and the old-school, classy atmosphere.

Other reviews mention the food can be overpriced.",pulsd.com/new-york/promotions/dk-restaurant-dinner-nyc
"$69 3Crs Dinner For2 & Cocktails, Wine Bottle",69,4.3,1191,Blend Williamsburg,https://www.google.com/maps/place/?q=place_id:ChIJk62gNytZwokRSLZc8yzal0M,"291 Kent Avenue, Brooklyn, NY 11249","People say this Latin American restaurant serves delicious skirt steak, salmon, and arepas. They also highlight the fun, energetic vibe, the beautiful rooftop, and the friendly, attentive staff.

Other reviews mention the food can be cold.",pulsd.com/new-york/promotions/blend-williamsburg-dinner-restaurant-nyc
"$69 3Crs Dinner For 2 w Cocktails, Wine, Beer",69,4.3,1259,Bijan's,https://www.google.com/maps/place/?q=place_id:ChIJ9dhbu01awokRdKfkixsK10w,"81 Hoyt Street, Brooklyn, NY 11211","Diners say this New American restaurant serves up delicious Persian Beef Stew, lamb burgers, wings, and a standout beet salad. They also highlight the cozy ambiance with a fireplace, friendly staff, and great cocktails.

Some reviews mention the service can be slow.",pulsd.com/new-york/promotions/bijans-dinner-restaurant-nyc
"$59 3Crs Dinner For 2 w Cocktails, Wine, Beer",59,4.3,653,Ichibantei,https://www.google.com/maps/place/?q=place_id:ChIJ5dru_nVZwokRarWwk6cjQZk,"100 3rd Avenue, New York, NY 10003","People say this Japanese restaurant serves delicious chicken katsu, niku udon, and tonkatsu. They also highlight the fair prices, great vibe, and friendly staff.

Other reviews mention the food can be inconsistent.",pulsd.com/new-york/promotions/ichibantei-dinner-restaurant-nyc
$59 For A Central Park Picnic Package For Two,59,4.3,1566,Pappardella,https://www.google.com/maps/place/?q=place_id:ChIJN2DMVolYwokRZ3RY3IbatuA,"316 Columbus Avenue, New York, NY","People say this Italian restaurant serves delicious lasagna, pizza, and veal, and offers a gluten-free menu. They also highlight the generous portions, reasonable prices, and friendly, attentive service.

Other reviews mention the wait can be long.",pulsd.com/new-york/promotions/pappardella-central-park-picnic
"$55 4 Course Dinner For 2 w Cocktails, Wines",55,4.3,152,Catria Cucina,https://www.google.com/maps/place/?q=place_id:ChIJl5YxH-5ZwokRsCiFUdJez-o,"461 W 34th Street , New York, NY 10001","People say this Italian restaurant serves delicious dishes like penne a la vodka, steak chimichurri, and almond cake. They also highlight the comfortable and modern ambiance, appealing table settings, and kind, helpful, and accommodating service.

Other reviews mention the food can be bland.",pulsd.com/new-york/promotions/catria-cucina-dinner-restaurant-nyc
"$49 Seaport Dinner For 2 w Cocktails, Wines",49,4.3,1381,Cowgirl SeaHorse,https://www.google.com/maps/place/?q=place_id:ChIJ24YpVTtawokRsFPSkHjTWoA,"259 Front Street, New York, NY 10038",,pulsd.com/new-york/promotions/cowgirl-seahorse-dinner-restaurant-nyc
"$49 Endless Drinks & Tacos For2, Williamsburg",49,4.3,1191,Blend Williamsburg,https://www.google.com/maps/place/?q=place_id:ChIJk62gNytZwokRSLZc8yzal0M,"291 Kent Avenue, Brooklyn, NY 11249","People say this Latin American restaurant serves delicious skirt steak, salmon, and arepas. They also highlight the fun, energetic vibe, the beautiful rooftop, and the friendly, attentive staff.

Other reviews mention the food can be cold.",pulsd.com/new-york/promotions/blend-williamsburg-bottomless-dinner-unlimited-tacos-nyc
$45 Seafood Boil Feast For 2 w Cocktails/Wine,45,4.3,359,Shaking Crab Williamsburg,https://www.google.com/maps/place/?q=place_id:ChIJiSXX0c9dwokRnlbun-AirdM,"1045 Flushing Avenue, Brooklyn, NY 11237","People say this seafood restaurant serves fresh and delicious seafood boils, lobster mac and cheese, and banana pudding. They also highlight the friendly and attentive staff, the upbeat music, and the ability to customize seafood boils.

Other reviews mention the food can be overpriced.",pulsd.com/new-york/promotions/shaking-crab-williamsburg-dinner-brunch-lunch-restaurant-nyc
$39 2 Crs Dinner For Two With Wines/Cocktails,39,4.3,78,Salud,https://www.google.com/maps/place/?q=place_id:ChIJvZ2vbgVZwokRVWZbMB9_J3Y,"183 Grand Street, New York, NY 10013","People say this restaurant offers creative cocktails and elevated small bites. They highlight the vibrant and energetic atmosphere, and the friendly and attentive staff. They also like the cozy and bohemian feel.",pulsd.com/new-york/promotions/salud-soho-dinner-restaurant-nyc
$39 Rooftop Cocktails & Bites Experience,39,4.3,241,Vue 180,https://www.google.com/maps/place/?q=place_id:ChIJl7e_7tFZwokRzj7bvfx6Fgs,"525 8th Avenue, New York, NY 10018","People say this bar offers delicious drinks, including an old fashioned made with Buffalo Trace, and a variety of appetizers like beef satay skewers and nachos. They also highlight the great prices, especially during happy hour, and the beautiful views of the city from the rooftop.

Other reviews mention the food can be inconsistent.",pulsd.com/new-york/promotions/vue-180-cocktails-bites-experience-rooftop-nyc
"$39 Dinner For Two & Wine/Beers, East Village",39,4.3,437,Whitmans East Village,https://www.google.com/maps/place/?q=place_id:ChIJv9jAdJ1ZwokRN9tGem6KDXw,"406 E 9th Street, New York, NY 10009",,pulsd.com/new-york/promotions/whitmans-east-village-dinner-restaurant-nyc
$29 Touchdown Dinner For Two With Drinks,29,4.3,3188,Madd Hatter,https://www.google.com/maps/place/?q=place_id:ChIJq6o1fl9XwokRcJ2k4m-_g5k,"221 Washington Street, Hoboken, NJ 07030","People say this bar and grill offers delicious wings, mac and cheese, and brunch options, as well as great drink specials and screwdrivers. They also highlight the fun, lively atmosphere, perfect for watching football, and the friendly, attentive staff and bartenders.

Other reviews mention the drinks can be expensive.",pulsd.com/new-york/promotions/madd-hatter-dinner-restaurant-nyc
$29 Tix: Champagne & Sparkling Wine Tasting,29,4.3,51,Le Du Wines,https://www.google.com/maps/place/?q=place_id:ChIJ1csLDO1ZwokRiPwnF5nU3bU,"600 Washington Street, New York, NY",,pulsd.com/new-york/promotions/le-du-wines-champagne-sparkling-wines-tasting
Rooftop VDay For 2 + Champagne Bottle & More,,4.2,1593,Elsie Rooftop,https://www.google.com/maps/place/?q=place_id:ChIJ0Q7xqoBZwokRkrPoL2Es1X0,"1412 Broadway, 25th Floor, New York, NY 10018","People say this lounge offers amazing food and a fun salsa dancing floor. They also highlight the stunning views, lively vibe, and friendly staff.

Other reviews mention the drinks can be overpriced.",pulsd.com/new-york/promotions/elsie-rooftop-valentines-day-experience-nyc
$85 Eataly Alpine Winter Wine & Food Festival,85,4.2,6199,Eataly NYC Downtown,https://www.google.com/maps/place/?q=place_id:ChIJvx7i_BlawokRidb5WfdvqRM,"4 World Trade Center, 101 Liberty St., 3rd Floor, New York, NY","People say this Italian restaurant offers delicious lasagna, fresh pasta, and focaccia. They also highlight the friendly staff, the vibrant atmosphere, and the wide selection of Italian groceries.

Other reviews mention the food can be overpriced.",pulsd.com/new-york/promotions/eataly-2026-alpine-food-wine-festival-nyc
$79 Speakeasy Burlesque Experience For 2,79,4.2,71,Adélaïde’s Salon,https://www.google.com/maps/place/?q=place_id:ChIJQRO4JPtZwokRrhd95RRd_Y8,"176 8th Avenue, Manhattan NY, 10011",,pulsd.com/new-york/promotions/adelaides-salon-speakeasy-burlesque-cocktail-experience-nyc
$49 Dinner For 2 & Cocktails/Wines/Beers,49,4.2,6051,SEA,https://www.google.com/maps/place/?q=place_id:ChIJ7QU5XGdZwokRZTLGoFZPk8o,"114 North 6th Street, New York, NY 11211","Diners say this Thai restaurant serves up delicious drunken noodles, crispy seafood salad, and red curry with crispy duck. They also highlight the beautiful interior, spacious layout, and friendly, attentive service.

Some reviews mention the music can be loud.",pulsd.com/new-york/promotions/sea-thai-dinner-restaurant-nyc
"$49 3Crs Dinner For 2 & Cocktails, Wine, Beer",49,4.2,1070,Jalao,https://www.google.com/maps/place/?q=place_id:ChIJq6rqPh_0wokRYx9DPUPrCJs,"2420 Amsterdam Avenue, New York, NY 10033","People say this restaurant serves delicious Dominican food, including skirt steak, oxtail, and chicharrón. They also highlight the lively atmosphere, great music, and friendly service.

Other reviews mention the service can be slow.",pulsd.com/new-york/promotions/jalao-dinner-restaurant-nyc
"$49 Endless Drinks & Tacos For Two, Astoria",49,4.2,2197,Blend Astoria,https://www.google.com/maps/place/?q=place_id:ChIJ0Z40cT9fwokR8aKrtGOLG0Y,"37-17 30th Avenue, Astoria, NY 11103","People say this Latin American restaurant serves delicious tilapia, fried rice, and salmon, and offers a variety of tasty desserts. They also highlight the lively atmosphere, friendly staff, and good drinks.

Other reviews mention the service can be slow.",pulsd.com/new-york/promotions/blend-astoria-bottomless-drinks-and-tacos-nyc
$49 3Crs Dinner For 2 & Cocktails/Wines,49,4.2,2403,Bourbon Street,https://www.google.com/maps/place/?q=place_id:ChIJHTgcB-BhwokRX4X5whEgijg,"40-12 Bell Boulevard, Bayside, NY 11361","People say this restaurant offers delicious Cajun and Creole dishes, including jambalaya, gumbo, and blackened seafood, as well as a variety of cocktails and beers. They also highlight the lively and festive atmosphere, often with live music, and the friendly service.

Other reviews mention the food can be overpriced.",pulsd.com/new-york/promotions/bourbon-street-dinner-restaurant-nyc
$39 Penthouse Dinner For 2 w Cocktails/Wines,39,4.2,113,The Ivy Room,https://www.google.com/maps/place/?q=place_id:ChIJD9KyfW1ZwokRzBn50hfrqfI,"420 Park Ave South, New York, NY 10016","Diners say this restaurant serves up delicious steak frites, burgers, and an impressive old fashioned. They also highlight the intimate and charming atmosphere, complete with live music and a cozy fireplace.

Some reviews mention the service can be slow.",pulsd.com/new-york/promotions/the-ivy-room-dinner-restaurant-nyc
$29 Ticket: Rooftop Super Bowl Open Bar Party,29,4.2,1594,Elsie Rooftop,https://www.google.com/maps/place/?q=place_id:ChIJ0Q7xqoBZwokRkrPoL2Es1X0,"1412 Broadway, 25th Floor, New York, NY 10018","People say this lounge offers amazing food and strong drinks. They also highlight the beautiful venue, great views, and fun atmosphere, especially during themed nights.

Some reviews mention the food can be overpriced.",pulsd.com/new-york/promotions/2026-elsie-rooftop-open-bar-super-bowl-party-nyc
$29 For A Dinner for 2 With Drinks,29,4.2,274,North Sea Tavern,https://www.google.com/maps/place/?q=place_id:ChIJwwvaYmOU6IkRhDgGbtpRYyY,"1271 N Sea Road, Southampton, NY 11968",,pulsd.com/new-york/promotions/north-sea-tavern-dinner-hamptons-ny
The Dubai Frozen Hot Chocolate Experience,,4.1,6486,Serendipity 3,https://www.google.com/maps/place/?q=place_id:ChIJ7VRAqalZwokR48bbQlnev8w,"225 East 60th Street , New York, NY 10022","People say this American restaurant serves delicious frozen hot chocolate, banana splits, and sundaes. They also highlight the fun, whimsical atmosphere, and the friendly, attentive staff.

Other reviews mention the food can be pricey.",pulsd.com/new-york/promotions/serendipity-3-upper-east-side-date-night-restaurant-nyc
"$69 3Crs Dinner For 2 + Cocktails, Wine, Beer",69,4.1,1089,The Butchers Daughter - Williamsburg,https://www.google.com/maps/place/?q=place_id:ChIJ3UuR-ONZwokRrKPqaJPKbxw,"271 Metropolitan Avenue, Brooklyn, NY 11211","People say this vegetarian restaurant offers delicious brunch, with a nice menu selection, and flavorful dishes. They also highlight the friendly staff, chill vibes, and great drinks, including juices and lattes.

Other reviews mention the portions can be small.",pulsd.com/new-york/promotions/the-butchers-daughter-williamsburg-dinner-restaurant-nyc
"$69 3Crs Dinner For 2 With Cocktails, Wines",69,4.1,84,The Lobby Bar & Garden,https://www.google.com/maps/place/?q=place_id:ChIJS4QUhKxZwokR56O0u2eVKCk,"518 W 27th Street, New York, NY 10001",,pulsd.com/new-york/promotions/lobby-bar-and-garden-dinner-restaurant-nyc
$59 Rooftop Cocktails & Bonfire Fondue For 2,59,4.1,450,Sandbar Rooftop,https://www.google.com/maps/place/?q=place_id:ChIJiU9lDtFZwokRWgnyfScr2GI,"152 West 26th Street, New York, NY 10001","People say this lounge offers great cocktails and a small food menu with options like cheese fondue, s'mores, and pinsa-style pizzas. They also highlight the reasonable prices, the relaxed and comfortable atmosphere, and the fantastic views of the city, including the Empire State Building.

Other reviews mention the service can be slow.",pulsd.com/new-york/promotions/sandbar-rooftop-cocktails-fondue-experience-nyc
$59 3Crs Dinner For 2 w Wine Bottle/Cocktails,59,4.1,341,Baazi,https://www.google.com/maps/place/?q=place_id:ChIJ9Sd10JL3wokR1nvVH1K_mhE,"2588 Broadway , New York, NY 10025","People say this restaurant serves delicious and creative Indian dishes with diverse flavors. They also highlight the mid-range prices and pleasant atmosphere.

Other reviews mention the service can be slow.",pulsd.com/new-york/promotions/baazi-dinner-restaurant-nyc
$59 Celeb-Pick 3 Crs Dinner For 2 & Cocktails,59,4.1,1338,Pink Taco,https://www.google.com/maps/place/?q=place_id:ChIJz_FvxaxZwokRArGOxX89Z0I,"7 Times Square, New York, NY 10036","People say this Mexican restaurant offers a good selection of tacos, including the OG Pink Taco and cauliflower taco, as well as a delicious chicken Caesar salad. They also highlight the friendly and attentive service, and the fun, lively atmosphere.

Other reviews mention the food can be overpriced.",pulsd.com/new-york/promotions/pink-taco-dinner-restaurant-nyc
$55 3 Course Dinner For Two + Sangria Pitcher,55,4.1,1239,Umberto's Clam House,https://www.google.com/maps/place/?q=place_id:ChIJy5AiM4hZwokR17UL37uRp-U,"132 Mulberry Street, New York, NY 10013","Diners say this Italian restaurant serves delicious clams, pasta, and pizza, and they praise the fresh seafood. They also highlight the friendly and attentive service, and the authentic Italian atmosphere, especially in the outdoor seating area.

Some reviews mention the food can be overpriced.",pulsd.com/new-york/promotions/umbertos-clam-house-dinner-nyc
$49 3 Course Dinner For 2 & Wines/Beers,49,4.1,117,Han Dynasty Long Island City,https://www.google.com/maps/place/?q=place_id:ChIJM0NdDQtZwokRay142BXkRQg,"4504 Pearson Street, Long Island City, NY 11101","People say this Chinese restaurant serves delicious Dan Dan noodles, dry pepper chicken, and tofu pot. They also highlight the good value, spacious dining area with beautiful art, and attentive service.

Other reviews mention the food can be overpriced.",pulsd.com/new-york/promotions/han-dynasty-long-island-city-dinner-restaurant-nyc
$49 AYCE/AYCD Tacos & Drinks Dinner For Two,49,4.1,10,H&H Cantina,https://www.google.com/maps/place/?q=place_id:ChIJh_aRQHJZwokRUwOFiLymiZI,"103 1st Avenue, New York, NY 10003",,pulsd.com/new-york/promotions/h-and-h-cantina-drinks-and-tacos-dinner-restaurant-east-village-nyc
$39 Dinner For 2 & Cocktails/Wines/Beers,39,4.1,917,Chote Nawab,https://www.google.com/maps/place/?q=place_id:ChIJnSZZ0glZwokR9TAYKFG_t58,"115 Lexington Avenue, New York, NY 10016","People say this Indian restaurant serves delicious and flavorful dishes, including uncommon options like chicken with green chili and coconut, and lamb biryani. They also highlight the reasonable prices, quick service, and the warm and attentive staff.

Other reviews mention the food can be inconsistent.",pulsd.com/new-york/promotions/chote-nawab-dinner-nyc
$39 Dinner For 2 & Cocktails/Wines/Beers,39,4.1,563,Malai Marke,https://www.google.com/maps/place/?q=place_id:ChIJ7ZgHuZxZwokREruK25B0UU0,"318 E 6th Street, New York, NY 10003",,pulsd.com/new-york/promotions/malai-marke-dinner-nyc
$39 Dinner For 2 & Cocktails/Wine/Beers,39,4.1,1656,The Grand,https://www.google.com/maps/place/?q=place_id:ChIJGTRAZT9fwokR5nDN7FxwiKI,"37-01 30th Avenue, Astoria, NY 11103","People say this restaurant offers delicious mac and cheese balls, chicken and waffles, and lemon pepper chicken wings. They also highlight the chill vibe, friendly and attentive service, and the charismatic barista.

Other reviews mention the food can be overpriced.",pulsd.com/new-york/promotions/the-grand-dinner-restaurant-nyc
Speakeasy 12 Crs Cocktail Omakase Experience,,4,4,F&Bar,https://www.google.com/maps/place/?q=place_id:ChIJFe7TBwBbwokRALrAye-IrcM,"705 Myrtle Avenue, Brooklyn, NY 11205",,pulsd.com/new-york/promotions/f-and-bar-speakeasy-omakase-dinner-nyc
"Michelin Guide 4 Crs Dinner, Dessert, Drinks",,4,720,La Devozione,https://www.google.com/maps/place/?q=place_id:ChIJd4gIXTlZwokR1A8bEjuem20,"428 W 16th Street, New York, NY 10011","People say this restaurant serves delicious, authentic Italian pasta, including carbonara and tasting menus. They also highlight the lively atmosphere, the attentive service, and the fun experience of sitting at the oval overlooking the kitchen.

Other reviews mention the food can be overpriced.",pulsd.com/new-york/promotions/la-devozione-the-oval-dinner-restaurant-nyc
"$69 3Crs Dinner For 2, Wine Bottle, Cocktails",69,4,58,Boathouse Rooftop,https://www.google.com/maps/place/?q=place_id:ChIJfUhLwslfwokRqaOntngqnRE,"32-72 Steinway Street, Astoria, NY 11103","People say this restaurant offers delicious braised short ribs, ribeye steak, and lamb chops, as well as a variety of drinks and hookah flavors. They also highlight the beautiful decor, stunning rooftop views, and attentive service.

Other reviews mention the food can be overpriced.",pulsd.com/new-york/promotions/boathouse-rooftop-dinner-restaurant-nyc
"$69 3Crs Dinner For 2 + Cocktails, Wine, Beer",69,4,2112,The Butcher's Daughter - Nolita,https://www.google.com/maps/place/?q=place_id:ChIJiYsEnohZwokR8oZK_TgmSjY,"19 Kenmare Street, New York NY 10012","People say this vegetarian restaurant serves delicious food, especially the pepperoni pizza, surfer burrito, and avocado toast. They also highlight the fresh, healthy ingredients, and the friendly, attentive service.

Other reviews mention the food can be overpriced.",pulsd.com/new-york/promotions/the-butchers-daughter-nolita-dinner-restaurant-nyc
$59 3 Course Dinner For 2 With Cocktails,59,4,442,Lowkey Garden Lounge,https://www.google.com/maps/place/?q=place_id:ChIJq6XOXS9fwokR40Kx0KrHhf0,"70-15 Austin Street, Queens, NY 11375","People say this restaurant offers amazing omelettes and other brunch dishes, as well as good drinks and hookah. They also highlight the cute and aesthetically pleasing setup, the fun and playful vibe, and the attentive service from the staff.

Other reviews mention the music can be loud.",pulsd.com/new-york/promotions/lowkey-garden-lounge-restaurant-dinner-nyc
$49 For A 2 Course Dinner For 2 w Wine,49,4,522,Inti Restaurant,https://www.google.com/maps/place/?q=place_id:ChIJ__OiJFpYwokR6a1T6JuLpjI,"820 10th Avenue, New York, NY 10019","Diners say this Peruvian restaurant serves up delicious lomo saltado, Peruvian chicken, and pisco sours. They also highlight the friendly service, lively atmosphere, and authentic Peruvian flavors.

Some reviews mention the service can be slow.",pulsd.com/new-york/promotions/inti-restaurant-dinner-nyc
$39 Dinner For 2 & Cocktails/Wines/Beer,39,4,969,Masala King,https://www.google.com/maps/place/?q=place_id:ChIJR1HomwdZwokRhnHT0bz7Zp0,"64 E 34th Street, New York, NY 10016","People say this Indian restaurant serves delicious butter chicken, naan, and tandoori chicken. They also highlight the generous portion sizes, fresh ingredients, and authentic flavors.

Other reviews mention the service can be slow.",pulsd.com/new-york/promotions/masala-king-nyc-dinner
New York Knicks Alumni Fest,,3.9,288,Pier 36,https://www.google.com/maps/place/?q=place_id:ChIJI1oum69ZwokRui-zU3HRudA,"299 South St, New York, NY 10002",,pulsd.com/pulses/61310
"$69 3 Crs Bottomless Dinner For Two, Astoria",69,3.9,91,Zikrayat,https://www.google.com/maps/place/?q=place_id:ChIJtZ9GuFxfwokRfwtGVlhXr2E,"24-17 Steinway Street , Astoria, NY 11103","People say this Middle Eastern restaurant offers a great buffet with delicious food. They also highlight the friendly staff, welcoming hospitality, and entertaining live music and belly dancing.

Other reviews mention the service can be slow.",pulsd.com/new-york/promotions/zikrayat-bottomless-dinner-restaurant-nyc
"$59 3Crs Dinner For 2 & Cocktails, Wine, Beer",59,3.8,2684,The Heist,https://www.google.com/maps/place/?q=place_id:ChIJr3ytMqpZwokR5c8zqnn6yfU,"60 W 37th Street, New York, NY 10018","People say this hotel offers spacious rooms with great city views, and a complimentary breakfast and evening reception with snacks and drinks.

Other reviews mention the elevators can be slow and the rooms can be small.",pulsd.com/new-york/promotions/the-heist-dinner-restaurant-nyc
"$59 Japanese Dinner For Two & Cocktails, Wine",59,3.8,25,Bliss Terasu,https://www.google.com/maps/place/?q=place_id:ChIJM18AbzxbwokRyun98qk5UXY,"6 Platt Street, New York, NY 10038",,pulsd.com/new-york/promotions/bliss-terasu-dinner-restaurant-nyc
"$39 Speakeasy Cocktail Experience For 2, UES",39,3.7,677,The UES.,https://www.google.com/maps/place/?q=place_id:ChIJIYR8KLtYwokRVrmyrVarDOs,"1707 Second Avenue, New York, NY 10128","People say this ice cream shop offers a fun speakeasy concept.

Other reviews mention the service can be slow and the staff can be inattentive.",pulsd.com/new-york/promotions/the-ues-speakeasy-cocktails-ice-cream-experience-nyc
"$29 Dinner For Two w Cocktails, Wines, Beers",29,3.7,100,GuestHouse,https://www.google.com/maps/place/?q=place_id:ChIJP4wdOFZZwokRGUUMsXcwWv0,"265 Graham Avenue, Brooklyn, NY 11206","People say this restaurant offers delicious lamb chops, wings, and drinks, and has a great brunch experience.

Other reviews mention the food can be slow to arrive and the portions can be small.",pulsd.com/new-york/promotions/guesthouse-dinner-restaurant-nyc
Tyra Banks’ Smize & Dream Ice Cream Pop Up,,,,"New York, NY",https://www.google.com/maps/place/?q=place_id:ChIJOwg_06VPwokRYv534QaPC8g,"New York, NY",,pulsd.com/pulses/61220
Fiasconaro Boutique Pop-up,,,,422 West Broadway,https://www.google.com/maps/place/?q=place_id:Eiw0MjIgVyBCcm9hZHdheSAjNDIyLCBOZXcgWW9yaywgTlkgMTAwMTIsIFVTQSIfGh0KFgoUChIJxdI7MYxZwokRFE3wxV_f47MSAzQyMg,"422 West Broadway , New York, NY 10012",,pulsd.com/pulses/60487
pulsd Gift Cards,,,,"New York, NY",https://www.google.com/maps/place/?q=place_id:ChIJOwg_06VPwokRYv534QaPC8g,"New York, NY",,pulsd.com/new-york/promotions/pulsd-gift-cards
Free Bagels,,,,"New York, NY",https://www.google.com/maps/place/?q=place_id:ChIJOwg_06VPwokRYv534QaPC8g,"New York, NY",,pulsd.com/pulses/61308
$115 Membership To A Private Dinner Club,115,,,"New York, NY",https://www.google.com/maps/place/?q=place_id:ChIJOwg_06VPwokRYv534QaPC8g,"New York, NY",,pulsd.com/new-york/promotions/2023-tasting-collective-dinner-club-membership-nyc
